fanId,username,passwordHash,fullName,email,phone,createdAt,isActive,role
FAN0001,phucpt,0B14D501A594442A01C6859541BCB3E8164D183D32937B851835442F69D5C94E,Pham Thi Phuc,phucpt@gmail.com,0993742451,2024-12-12 00:00:00,true,FAN
FAN0002,hungpx,6CF615D5BCAAC778352A8F1F3360D23F02F34EC182E259897FD6CE485D7870D4,Phan Xuan Hung,hungpx@gmail.com,0916331704,2026-05-13 00:00:00,true,FAN
FAN0003,namph,5906AC361A137E2D286465CD6588EBB5AC3F5AE955001100BC41577C3D751764,Pham Huu Nam,namph@gmail.com,0910187324,2025-04-28 00:00:00,true,FAN
FAN0004,namhd,B97873A40F73ABEDD8D685A7CD5E5F85E4A9CFB83EAC26886640A0813850122B,Hoang Duc Nam,namhd@gmail.com,0929038648,2026-03-05 00:00:00,true,FAN
FAN0005,yenhv,8B2C86EA9CF2EA4EB517FD1E06B74F399E7FEC0FEF92E3B482A6CF2E2B092023,Ho Van Yen,yenhv@gmail.com,0980466374,2024-11-03 00:00:00,true,FAN
FAN0006,dunght,598A1A400C1DFDF36974E69D7E1BC98593F2E15015EED8E9B7E47A83B31693D5,Ho Thanh Dung,dunght@gmail.com,0981206695,2025-07-22 00:00:00,true,FAN
FAN0007,yennq,5860836E8F13FC9837539A597D4086BFC0299E54AD92148D54538B5C3FEEFB7C,Nguyen Quoc Yen,yennq@gmail.com,0949795664,2026-05-13 00:00:00,true,FAN
FAN0008,vinhpb,57F3EBAB63F156FD8F776BA645A55D96360A15EEFFC8B0E4AFE4C05FA88219AA,Phan Bao Vinh,vinhpb@gmail.com,0930819563,2026-02-14 00:00:00,true,FAN
FAN0009,xuanbh,9323DD6786EBCBF3AC87357CC78BA1ABFDA6CF5E55CD01097B90D4A286CAC90E,Bui Huu Xuan,xuanbh@gmail.com,0999223665,2025-07-05 00:00:00,true,FAN
FAN0010,binhht,AA4A9EA03FCAC15B5FC63C949AC34E7B0FD17906716AC3B8E58C599CDC5A52F0,Ho Thi Binh,binhht@gmail.com,0951531975,2024-11-24 00:00:00,true,FAN
FAN0011,sonnq,53D453B0C08B6B38AE91515DC88D25FBECDD1D6001F022419629DF844F8BA433,Nguyen Quoc Son,sonnq@gmail.com,0941433090,2026-05-05 00:00:00,true,FAN
FAN0012,vinhht,B3D17EBBE4F2B75D27B6309CFAAE1487B667301A73951E7D523A039CD2DFE110,Hoang Thi Vinh,vinhht@gmail.com,0925838192,2024-07-17 00:00:00,true,FAN
FAN0013,sonlh,48CAAFB68583936AFD0D78A7BFD7046D2492FAD94F3C485915F74BB60128620D,Le Huu Son,sonlh@gmail.com,0915976724,2024-08-01 00:00:00,true,FAN
FAN0014,nambx,C6863E1DB9B396ED31A36988639513A1C73A065FAB83681F4B77ADB648FAC3D6,Bui Xuan Nam,nambx@gmail.com,0999932833,2025-02-25 00:00:00,true,FAN
FAN0015,minhvq,C63C2D34EBE84032AD47B87AF194FEDD17DACF8222B2EA7F4EBFEE3DD6DB2DFB,Vu Quoc Minh,minhvq@gmail.com,0951594112,2026-06-07 00:00:00,true,FAN
FAN0016,cuongvt,17A3379984B560DC311BB921B7A46B28AA5CB495667382F887A44A7FDBCA7A7A,Vu Thi Cuong,cuongvt@gmail.com,0908809846,2025-04-15 00:00:00,true,FAN
FAN0017,dungvd,69BFB918DE05145FBA9DCEE9688DFB23F6115845885E48FA39945EEBB99D8527,Vu Duc Dung,dungvd@gmail.com,0990862182,2026-02-23 00:00:00,true,FAN
FAN0018,cuonghm,D2042D75A67922194C045DA2600E1C92FF6D87E8FB6E0208606665F2D1DFA892,Hoang Minh Cuong,cuonghm@gmail.com,0918812858,2025-04-14 00:00:00,true,FAN
FAN0019,binhdm,5790AC3D0B8AE8AFC72C2C6FB97654F2B73651C328DE0A3B74854ADE562DD17A,Do Minh Binh,binhdm@gmail.com,0999086188,2025-06-23 00:00:00,true,FAN
FAN0020,vinhhd,7535D8F2D8C35D958995610F971287288AB5E8C82A3C4FDC2B6FB5D757A5B9F8,Ho Duc Vinh,vinhhd@gmail.com,0986031565,2024-07-29 00:00:00,true,FAN
FAN0021,phucvv,91A9EF3563010EA1AF916083F9FB03A117D4D0D2A697F82368DA1F737629F717,Vu Van Phuc,phucvv@gmail.com,0950995735,2025-12-26 00:00:00,true,FAN
FAN0022,minhnb,D23C1038532DC71D0A60A7FB3D330D7606B7520E9E5EE0DDCDB27EE1BD5BC0CD,Nguyen Bao Minh,minhnb@gmail.com,0993556272,2025-12-02 00:00:00,true,FAN
FAN0023,xuandt,8B807AA0505A00B3EF49E26A2ADE8E31FCD6C700D1A3AEEE971B49D73DA8E8FF,Do Thi Xuan,xuandt@gmail.com,0923953220,2026-05-02 00:00:00,true,FAN
FAN0024,namhd1,FC8A9296208A0B281F84690423C5D77785E493F435E6292CC322840F543729D3,Hoang Duc Nam,namhd1@gmail.com,0911868259,2025-08-03 00:00:00,true,FAN
FAN0025,vinhht1,0B544D6D8DA1D1AF25318E97E0AC5F6BC70BBA49919463DC0074EDE01A49D381,Hoang Thi Vinh,vinhht1@gmail.com,0968499030,2025-09-12 00:00:00,true,FAN
FAN0026,cuongvx,869F2A98B0E3A6EA928FF0542330EA3C1E0FF8591801693350F1FC3F1E57E4C5,Vu Xuan Cuong,cuongvx@gmail.com,0911630734,2025-07-01 00:00:00,true,FAN
FAN0027,hungnt,9C7568513B9C85E73F3650C8B00E3259501096CCEE9D3DBDAE6FF5E84AABE3AF,Nguyen Thi Hung,hungnt@gmail.com,0961691154,2025-12-03 00:00:00,true,FAN
FAN0028,cuongtn,6F5EA1C4ACC7A563EA8CB3381A55F0183A2394D679EBB7DB8312E047BBF87E0D,Tran Ngoc Cuong,cuongtn@gmail.com,0960139565,2026-03-07 00:00:00,true,FAN
FAN0029,xuanpt,48A94846B2A7386432B90AD13BCF9C66F1EFDD3A97E0E14968C262C412FE22C8,Pham Thi Xuan,xuanpt@gmail.com,0978796596,2026-03-23 00:00:00,true,FAN
FAN0030,khoatn,7C682DEA8E934E04343374E3D25CD51EDCE9CBEB47F7034296052CB5CD6BED84,Tran Ngoc Khoa,khoatn@gmail.com,0993498346,2025-08-27 00:00:00,true,FAN
FAN0031,binhdb,A4239AE1725466D26621F102D58C1541C84FF1142F4341C7B66BE92E32396D45,Do Bao Binh,binhdb@gmail.com,0995530711,2025-12-23 00:00:00,true,FAN
FAN0032,tubx,078AA4687601AB09B1F7581014674B3BF1A3AA68B12C346D01024F1F5206F94B,Bui Xuan Tu,tubx@gmail.com,0991481356,2025-09-15 00:00:00,true,FAN
FAN0033,tuvt,EE13B7D4C8C0595DCABF6016290D65D8A50163569368DB690595D5ACAA5A168B,Vu Thanh Tu,tuvt@gmail.com,0942377240,2025-02-10 00:00:00,true,FAN
FAN0034,binhdt,72F1FFA2D7A9C9D60C2369FFFCE54372EEA054D567C77F8A518F4F4C06B3856A,Do Thi Binh,binhdt@gmail.com,0989009892,2025-12-22 00:00:00,true,FAN
FAN0035,nampx,5BD40F88C4A6B2C20256389878EC2B59515CA478EB3EB0F3673663273BCB639B,Phan Xuan Nam,nampx@gmail.com,0969001358,2026-04-05 00:00:00,true,FAN
FAN0036,sonpx,9777509CA199AC591368C5CFA9EF92B4879FF99098B7E34865172A5EA983542E,Pham Xuan Son,sonpx@gmail.com,0980318114,2026-02-06 00:00:00,true,FAN
FAN0037,dunghv,CA02485287FD4F05DE9540613F8BA982E99080B66F8452024CB4C4CC3DE7042E,Ho Van Dung,dunghv@gmail.com,0941181090,2024-08-18 00:00:00,true,FAN
FAN0038,anhb,014D020993865F93B80EC587E171554DB5B45A1A46A9101510DE52E148AA184F,Ho Bao An,anhb@gmail.com,0925703068,2025-04-27 00:00:00,true,FAN
FAN0039,vinhhm,F245FFB6352C8C101B0F9ED1187104F11E0A64622CC5DA7082AEF963DEA5A83F,Ho Minh Vinh,vinhhm@gmail.com,0903762257,2025-12-07 00:00:00,true,FAN
FAN0040,tuvn,825E233A9D192F81D3F6780CB8E181AF518054A8D9C83381882E573EED014DF2,Vu Ngoc Tu,tuvn@gmail.com,0918804127,2025-12-16 00:00:00,true,FAN
FAN0041,tuht,A13B6AB0BB26B7D8BF31628B3B524EFADE4AC5B02712A95210C0ABDA5148EC85,Ho Thanh Tu,tuht@gmail.com,0902667924,2026-05-24 00:00:00,true,FAN
FAN0042,dunghq,FE404ABB6785BD17AC4C937C2837D3AD6D6AC1ED17E099A89A9C5E18D1E936FE,Ho Quoc Dung,dunghq@gmail.com,0975506695,2025-09-26 00:00:00,true,FAN
FAN0043,vinhht2,FE4597A9D0A16C51AB5C8224DAE83F170B69CEDE0F1A7F40F447F163DCBF9295,Ho Thanh Vinh,vinhht2@gmail.com,0931047686,2025-04-16 00:00:00,true,FAN
FAN0044,phucdb,F9D07093D0DE736C8881640C3E55714BEBD5FAF5D6EBBFB41E486E1660C8FC0E,Do Bao Phuc,phucdb@gmail.com,0932796670,2025-08-30 00:00:00,true,FAN
FAN0045,binhhb,0528D31561CEE040EE92E2857A2D71A373605B91DA87D09AE5359A0689C45E6C,Ho Bao Binh,binhhb@gmail.com,0943301689,2024-07-30 00:00:00,true,FAN
FAN0046,yennt,F7944ECCA058C63C386DE56353CDDF278C98F3143BD4A00BB0B2015ADB69ED39,Nguyen Thanh Yen,yennt@gmail.com,0967748795,2024-12-29 00:00:00,true,FAN
FAN0047,yentt,7FF9543EA5B226AEB9DCBF13672C32E62623E70EDC4177512B169EC4E39846EA,Tran Thi Yen,yentt@gmail.com,0946400824,2026-06-06 00:00:00,true,FAN
FAN0048,dungpt,172E362EECB6DFF98DBEB4A7C42367109C1B288ECF45FF271FB79ACD352BA8F9,Phan Thi Dung,dungpt@gmail.com,0929121950,2025-05-31 00:00:00,true,FAN
FAN0049,binhpx,3CD00931DD1DE5D07FCAFB463BA5C4D95D31DCA8A35480CAC4A2BEB771CB90DF,Pham Xuan Binh,binhpx@gmail.com,0925163607,2024-10-17 00:00:00,true,FAN
FAN0050,vinhnn,B5D966EB0C2845953FAB12C306C906A3561162262115C3B6FC19AEAD8D142157,Nguyen Ngoc Vinh,vinhnn@gmail.com,0952079005,2025-12-15 00:00:00,true,FAN
FAN0051,vinhhv,B799BE36E0059D7867F1379A24171B2B09D91BE5D2CAC0A12D97C0302A6B07CE,Ho Van Vinh,vinhhv@gmail.com,0960991526,2025-12-11 00:00:00,true,FAN
FAN0052,anpd,9626A29AC1D7006741337F6EBC6A5A41CFDC3AA65D2B10FF9CDA937C6A7FD35B,Phan Duc An,anpd@gmail.com,0917017494,2026-05-03 00:00:00,true,FAN
FAN0053,anht,A60F6D009343AB015EE59FA2FF29E5AA12DD69AA7A7285F15E1FDEC6CE7407D7,Ho Thi An,anht@gmail.com,0947123001,2025-10-11 00:00:00,true,FAN
FAN0054,yenhx,49A9B3D96DB1310FF79B9AE1CDB1E148B4D5995B7F889E5AD2B611F452FECF71,Hoang Xuan Yen,yenhx@gmail.com,0946363475,2025-12-24 00:00:00,true,FAN
FAN0055,khoanm,92B32CBD4CC1B06D83EC4C305C52D651B9C125A7B12DBB7C6A1CF796F6E389E5,Nguyen Minh Khoa,khoanm@gmail.com,0906650529,2025-12-11 00:00:00,true,FAN
FAN0056,cuonglq,58BCC70C0E1EAD10857A4B2DEB02F167A42461FE5FF5B0040F93EF822B538C2C,Le Quoc Cuong,cuonglq@gmail.com,0995137806,2025-11-16 00:00:00,true,FAN
FAN0057,quanhq,5436508FB28E193DA4A51C675D96E1D412D5E2AB3E128E509A27EFCCFF2A9240,Ho Quoc Quan,quanhq@gmail.com,0914726241,2025-02-24 00:00:00,true,FAN
FAN0058,phuctd,5613BF613DF8DA20CA171BA2110C3B2558506E8E0AF57891DCF0C056F41B7718,Tran Duc Phuc,phuctd@gmail.com,0909080906,2025-04-08 00:00:00,true,FAN
FAN0059,giangnt,FE38739FB81956F6064587C7A78565FA71448C44408B48012122E7E7EA83E1A6,Nguyen Thanh Giang,giangnt@gmail.com,0975542389,2025-11-20 00:00:00,true,FAN
FAN0060,phuclx,25B30BD22B6218DEDA2022FCCD2C726BD6DA37B4B624CA72028B587BED7B8908,Le Xuan Phuc,phuclx@gmail.com,0927851680,2026-03-09 00:00:00,true,FAN
FAN0061,xuanhh,A94483AFF86454580A66CF4794F417E1B406B6DDE7DE2E5796A4A0B3E07356B6,Hoang Huu Xuan,xuanhh@gmail.com,0973592580,2025-11-02 00:00:00,true,FAN
FAN0062,binhnt,C1CE757C52862F31178C2E77CB391DC605735EA5416C50D2B68DD1C0F559049E,Nguyen Thi Binh,binhnt@gmail.com,0986414283,2024-09-02 00:00:00,true,FAN
FAN0063,dunghm,1D4A516EBE2ACDFFD5DA7AB190D0C61871BA892DF25F528915A84E787360A78F,Ho Minh Dung,dunghm@gmail.com,0914978654,2025-06-27 00:00:00,true,FAN
FAN0064,xuanhm,863ECFD7228C0856C236CE48331BF756489D8FAADE33E7D8D8762C52841A4F58,Ho Minh Xuan,xuanhm@gmail.com,0969182632,2024-11-14 00:00:00,true,FAN
FAN0065,xuantv,893F05CCA9F0BDF66D78944A09E9CBE3A1DDC76838E329CAE5D22A339B45E272,Tran Van Xuan,xuantv@gmail.com,0967539399,2024-07-30 00:00:00,true,FAN
FAN0066,binhpq,60DBB6453448C39993CDD41EDF3451A7D5E0EAF298207EE001F110C4D7785C8C,Phan Quoc Binh,binhpq@gmail.com,0911272714,2026-05-31 00:00:00,true,FAN
FAN0067,quanbt,FB8A6CE5D0214341F9C78591B4E4EF31050CC952A56EF18C3A597FE0DCB3CD49,Bui Thanh Quan,quanbt@gmail.com,0976465074,2024-08-12 00:00:00,true,FAN
FAN0068,dungtt,88E43563EB048331CECC5F4F6823B2328BB482BE858F5984EC8FE93E6BAD1E78,Tran Thi Dung,dungtt@gmail.com,0920204779,2024-08-02 00:00:00,true,FAN
FAN0069,yendt,7109B84353BB31D935391D9294FE71155D9E618E1273B2F1531E912318610F60,Do Thanh Yen,yendt@gmail.com,0959027385,2026-02-06 00:00:00,true,FAN
FAN0070,dunglx,34FE23CF9636EA9D587823E90887A150C7E22E6F330DCAE8FF5D3FA1BBC37852,Le Xuan Dung,dunglx@gmail.com,0915276542,2025-04-09 00:00:00,true,FAN
FAN0071,cuonglt,C4F0AD5F4A97C4BA3BC11F6D661DB99BCC08CD3121E329363C7155984A0C7328,Le Thanh Cuong,cuonglt@gmail.com,0928743410,2025-03-02 00:00:00,true,FAN
FAN0072,binhtt,CAF36247FD592C6B1812C628345B69B920ECE1C8EA3E15242862BEFCC8707288,Tran Thi Binh,binhtt@gmail.com,0971385812,2025-12-29 00:00:00,true,FAN
FAN0073,cuongpt,E156770CED012A06461E24CD9A8318AAE9A83ACAAB7B277FF104D4397E89BE88,Phan Thi Cuong,cuongpt@gmail.com,0967977108,2025-08-30 00:00:00,true,FAN
FAN0074,dunghh,866CD269D3FF5014CECE938DF15524672537B7253B659875C9A8531F2D8D169C,Ho Huu Dung,dunghh@gmail.com,0913186402,2026-06-26 00:00:00,true,FAN
FAN0075,hungbh,D6AFBBEFEB937109F96B5F5421C8EB64694E8E2D4534CEFFFA5BA4A805F629F7,Bui Huu Hung,hungbh@gmail.com,0931759347,2025-05-10 00:00:00,true,FAN
FAN0076,tutn,E57A2FC7529930D46EDEE4D20EE17E70001FD51A267C11768F9A0DC6DAB2FDC1,Tran Ngoc Tu,tutn@gmail.com,0988645049,2024-07-02 00:00:00,true,FAN
FAN0077,quanpt,3CE2C52DF9E92052D433B2449B5F33DD97C344AAEFFD9F5E006A3AE933126A5A,Phan Thanh Quan,quanpt@gmail.com,0992979528,2024-09-11 00:00:00,true,FAN
FAN0078,binhhq,98BBB2F3C8FFA8E403751DB051F7B5A31498137940E50B01D237557A89BDD124,Ho Quoc Binh,binhhq@gmail.com,0913819375,2024-10-27 00:00:00,true,FAN
FAN0079,xuanvb,2CC0D1F43B0E59CC929A49D62414227944658C64E5E449964EFD054768E14173,Vu Bao Xuan,xuanvb@gmail.com,0942698608,2024-12-27 00:00:00,true,FAN
FAN0080,phonghh,24069004AE289E583AFEB41E969E0F2B8C1B7D80326DCF9BE9EC7411698DD33B,Ho Huu Phong,phonghh@gmail.com,0973285935,2025-12-13 00:00:00,true,FAN
FAN0081,vinhpb1,BEF99EEB6E6389703B5318B99EA03D8D9187F9800374C466FD2A6AE64DA3C8EE,Pham Bao Vinh,vinhpb1@gmail.com,0952879979,2024-10-15 00:00:00,true,FAN
FAN0082,dungpt1,F3EA05E3C808EF144DB4F1D98793DB15F1D0F6A0B6E149BAFA4D876E9D560F25,Phan Thi Dung,dungpt1@gmail.com,0929159186,2024-08-26 00:00:00,true,FAN
FAN0083,khoapt,A716312B9827D16A1B61A468C1760D0D315EC621F6223F90ABF85579E1F50C61,Pham Thi Khoa,khoapt@gmail.com,0982765702,2024-11-08 00:00:00,true,FAN
FAN0084,dungtv,408184FD8069021A6D8C87E0D8C7E94784051D9202D64DBC921E9B0541FB41A0,Tran Van Dung,dungtv@gmail.com,0948542655,2025-08-31 00:00:00,true,FAN
FAN0085,quanpb,879FBFD675A34AD3B2724C4EC94988DC267C8E2492AA9DD8010964CA9C4C90FB,Pham Bao Quan,quanpb@gmail.com,0932293620,2025-07-25 00:00:00,true,FAN
FAN0086,giangph,A6ECE1B636088887BED0D98612613B3700FE1425531D8726C5FC973A61E8DDE3,Pham Huu Giang,giangph@gmail.com,0937245994,2025-04-13 00:00:00,true,FAN
FAN0087,tubx1,0E3D1FF5111B4FE10AF191B5BF69378159BD7CA6CBA1EB7262A405C18088AFE2,Bui Xuan Tu,tubx1@gmail.com,0900368281,2026-05-02 00:00:00,true,FAN
FAN0088,quanpv,D40A16374040C8925CBEF829DB5FE9081E2B2E7FA968146B68A0555290EF0CB4,Pham Van Quan,quanpv@gmail.com,0962648162,2024-07-29 00:00:00,true,FAN
FAN0089,binhpd,E2498760A6015150F28936DE701F73A4FC8797CFCDFDDE37BFC5D2E1D377EEF9,Pham Duc Binh,binhpd@gmail.com,0979774059,2024-10-06 00:00:00,true,FAN
FAN0090,minhpd,A5536E54583B2A30F0A9048E0AC4BE50D154E5C0B0B736EA23552154628F7142,Pham Duc Minh,minhpd@gmail.com,0935251017,2025-10-31 00:00:00,true,FAN
FAN0091,tunm,A008BCB423EDD46DD39BF5633677D70D7E92F05295FA94AD86D67AD5A97FA4A7,Nguyen Minh Tu,tunm@gmail.com,0999495934,2026-03-18 00:00:00,true,FAN
FAN0092,phongbh,6A625E69E990B5F6A093A7B0ACB4156AD7C8E705245F5B91E0AA740F90D1E173,Bui Huu Phong,phongbh@gmail.com,0933144323,2026-02-24 00:00:00,true,FAN
FAN0093,phucnv,D7564185A138164DF46BFD84A11627C0FDD37295B89AE7230AFDD51C0C983B77,Nguyen Van Phuc,phucnv@gmail.com,0983977802,2025-07-28 00:00:00,true,FAN
FAN0094,vinhtt,639B2151255F1FADB444EF3FDCC9ADE5FDB385395B338528746905BA8C52BA27,Tran Thanh Vinh,vinhtt@gmail.com,0974822155,2025-10-16 00:00:00,true,FAN
FAN0095,hungdx,EA1A2D06BBB09A6EA84F918FDB18AC17615365AFA5FF09AC73EAF6E68CB5352F,Do Xuan Hung,hungdx@gmail.com,0997179082,2025-06-02 00:00:00,true,FAN
FAN0096,khoahq,7D1EFD5E066097BB201FE40E651BEA92F53B9A3E8C99CD76E15030F9D072C2D8,Hoang Quoc Khoa,khoahq@gmail.com,0956631997,2025-10-18 00:00:00,true,FAN
FAN0097,cuongbh,048A93FE25BED33F6E0D37F4ED4B53A39B2201EBE7DAE0FAD74EB52E7CE5C3BC,Bui Huu Cuong,cuongbh@gmail.com,0943321037,2026-03-10 00:00:00,true,FAN
FAN0098,phucpd,1A52EA1A2B0F7DBBC246387F37B6A1EE0BAE2A7D3DE65139E54DBD325A8CDF8D,Pham Duc Phuc,phucpd@gmail.com,0990324495,2026-01-12 00:00:00,true,FAN
FAN0099,binhdx,5F5B24AD65531525DDCCCACE0598DAFAA386E30749BABF12C7B0CDA2AF45C582,Do Xuan Binh,binhdx@gmail.com,0973421274,2025-04-28 00:00:00,true,FAN
FAN0100,yenph,B3351ED9BE23D5AD99CC73BDC1AED73913503F064534EAD302D7485B72B072FE,Phan Huu Yen,yenph@gmail.com,0990836598,2024-11-09 00:00:00,true,FAN
FAN0101,yenbx,5C773B22EA79D367B38810E7E9AD108646ED62E231868CEFB0B1280EA88AC4F0,Bui Xuan Yen,yenbx@gmail.com,0970850650,2024-07-22 00:00:00,true,FAN
FAN0102,tunx,3233C5E43B1A0D2A03C8A6FC981FE3BAD46B9FEE5CA59D53F6A531325CD3A433,Nguyen Xuan Tu,tunx@gmail.com,0923141984,2025-12-10 00:00:00,true,FAN
FAN0103,giangld,C14883C02091C283D24D22EDF9ADBCBD13CC43E564E47E30D600033885C49AF5,Le Duc Giang,giangld@gmail.com,0977576084,2024-08-23 00:00:00,true,FAN
FAN0104,phucvv1,825242929F5ADFD5C4B9318E95C1A83584367D888172D1453EF3A855ED704453,Vu Van Phuc,phucvv1@gmail.com,0993496924,2025-01-03 00:00:00,true,FAN
FAN0105,cuongpm,BB10F0C847BE9E4CD43DCA85E1E42763E357207C04598A082F276F8B7A36C8F7,Phan Minh Cuong,cuongpm@gmail.com,0902049979,2024-12-12 00:00:00,true,FAN
FAN0106,xuanhv,44130B0A209DC581FAC72493A9DFC8CCF4B9078508AF9380BFE77D04ECB23159,Ho Van Xuan,xuanhv@gmail.com,0973911592,2025-11-21 00:00:00,true,FAN
FAN0107,namtm,3CD4E74734D6A5AFBAF9587F8A912079652E9BC0487322799410F11DD11CB44A,Tran Minh Nam,namtm@gmail.com,0911947862,2025-04-18 00:00:00,true,FAN
FAN0108,vinhlq,2F17420C172E9E934450105EB1C36DD2614EED322E5DF28451BEDE05AD0F2E71,Le Quoc Vinh,vinhlq@gmail.com,0937609953,2024-08-25 00:00:00,true,FAN
FAN0109,hungpb,1DF0DC0EFB2F08B28CAC248F58CD53E7B2AEDC52C077377502AFF69F24C71B60,Pham Bao Hung,hungpb@gmail.com,0955093406,2025-05-22 00:00:00,true,FAN
FAN0110,cuongph,95FB0AF62545C323AD3DA1C09717B417C9C5DBE4E2C9035432D0955116E287E9,Pham Huu Cuong,cuongph@gmail.com,0966698410,2025-02-13 00:00:00,true,FAN
FAN0111,yentx,19CB0711DF0A5C9915C57BC8209B23DA7B9ECAE22627BC957EB25BCF53182A81,Tran Xuan Yen,yentx@gmail.com,0975867303,2025-12-27 00:00:00,true,FAN
FAN0112,vinhlb,D46B5CD9C1456E3059258A411FAF8BBB0253C190CC5ACB488F999E1B1421F83B,Le Bao Vinh,vinhlb@gmail.com,0931050655,2025-10-14 00:00:00,true,FAN
FAN0113,khoabm,AEA8DAF3A148CE45E76153ED649274B763A59CA0EF9236215BDCF1CFCE4F2038,Bui Minh Khoa,khoabm@gmail.com,0914481403,2025-12-09 00:00:00,true,FAN
FAN0114,phongbt,B9017426FEA49B27D2D258DB21D76DC99596B297493132BBE1829C98A4B33CC4,Bui Thi Phong,phongbt@gmail.com,0965533331,2025-06-27 00:00:00,true,FAN
FAN0115,cuongld,C5B0EB31B1858C5768899883986D251CEF6EDFC2555E231F0DEC7A7D16FBFA99,Le Duc Cuong,cuongld@gmail.com,0944231485,2026-02-01 00:00:00,true,FAN
FAN0116,khoapt1,252ACD35E7485AA79B5D30DAEDD4B463E164F0B2FB403E770A5445A6DC046F3E,Phan Thanh Khoa,khoapt1@gmail.com,0928253761,2024-08-27 00:00:00,true,FAN
FAN0117,hungnb,8C64014BA541B903DFE05DBD56AA863F7B602B51EBA38ECBE354DFDFE08076B7,Nguyen Bao Hung,hungnb@gmail.com,0951609238,2026-05-04 00:00:00,true,FAN
FAN0118,binhlm,922A94711D4FCB2C512CA1463393D75AD3CCCD820493F66AFA1165EE70F24EBB,Le Minh Binh,binhlm@gmail.com,0968274188,2025-07-31 00:00:00,true,FAN
FAN0119,vinhpt,3A124B5AE21189ADC66DFD33C32E90FEC5CBBC825D8AE6672F5ED89A7FEA407B,Phan Thi Vinh,vinhpt@gmail.com,0968485222,2026-03-03 00:00:00,true,FAN
FAN0120,anbx,43D496703F53D1C01E3365C49D173C6130A00FF6A5D3E613C228BB5E7D23BEC8,Bui Xuan An,anbx@gmail.com,0980122895,2025-02-05 00:00:00,true,FAN
FAN0121,xuanvq,35B40E725F79EEBEE4D02E8FAEC9B81C683C5F9AA9ED4457D0CF0EE89FFB9C0C,Vu Quoc Xuan,xuanvq@gmail.com,0906658839,2024-07-14 00:00:00,true,FAN
FAN0122,quanpx,C660725919C1C20945CCA28ED9944EDAF8F4C6A11310C1024E30BD528D0F6C13,Pham Xuan Quan,quanpx@gmail.com,0969603758,2025-05-14 00:00:00,true,FAN
FAN0123,quanpn,EF92B778BAFE771E89245B89ECBC08A44A4E166C06659911881F383D4473E94F,Pham Ngoc Quan,quanpn@gmail.com,0980396164,2025-10-31 00:00:00,true,FAN
FAN0124,xuanpm,33631376724E5D5480FA397DFCF03B66AD47B934AB495174D7058C38F2BB0087,Pham Minh Xuan,xuanpm@gmail.com,0969726521,2025-11-23 00:00:00,true,FAN
FAN0125,minhpt,F974EF14E161774091B3DD7350110D5A23B73E15D1FA68A69DE0E6D981F76DAC,Pham Thi Minh,minhpt@gmail.com,0988530078,2025-11-17 00:00:00,true,FAN
FAN0126,minhhb,D42BA32B8703FE9BCFFC5C16B6C5679363D595724C63A0ED111AC59A1D467070,Ho Bao Minh,minhhb@gmail.com,0915316180,2026-03-07 00:00:00,true,FAN
FAN0127,binhpd1,4FA29F8E091719146327604CC5D6E112B1999134DBEFBF05F991F5C0FD648017,Phan Duc Binh,binhpd1@gmail.com,0911954911,2024-09-08 00:00:00,true,FAN
FAN0128,vinhhm1,F11026CAD6EC0B7BBE12D040560218F64C02CD99D9B2B47838BA081F1F54F0D4,Hoang Minh Vinh,vinhhm1@gmail.com,0920774620,2025-12-07 00:00:00,true,FAN
FAN0129,yenhb,1CF4314ED60F4E34EC6376A4F82ACE4CD4FAA7133552BD244BB129F73F3E4371,Ho Bao Yen,yenhb@gmail.com,0987478656,2025-04-01 00:00:00,true,FAN
FAN0130,sonbt,FDAF316691C0233B44908B805A61D61682233BCD8C3430CBC3A16D200AB908CD,Bui Thi Son,sonbt@gmail.com,0966904509,2026-02-13 00:00:00,true,FAN
FAN0131,dungdq,4B8A7C00CEE5D73F6A094A7095FBA692247D3DE6A261DF071AB59DB42DF78BF5,Do Quoc Dung,dungdq@gmail.com,0914270617,2025-11-01 00:00:00,true,FAN
FAN0132,hungth,376CD0595988F48B61E91A47E1C7E78CB2E42F73AA984C49851BAAD93548789E,Tran Huu Hung,hungth@gmail.com,0992833392,2024-09-19 00:00:00,true,FAN
FAN0133,khoatb,8EC4150249673D68CDDE05F8D364578E69878CC21F98205024403E68DF7809F5,Tran Bao Khoa,khoatb@gmail.com,0949581151,2026-04-18 00:00:00,true,FAN
FAN0134,cuongpx,29974380EFF53400AAECF88EF63C5DB77631B6DA40A36853B4A8AB592F2C7CEE,Phan Xuan Cuong,cuongpx@gmail.com,0970194461,2025-02-28 00:00:00,true,FAN
FAN0135,cuongvm,41C52B123C21D057C0C940E03599BF91D66FF19F8AEA217BC7519C39178BC748,Vu Minh Cuong,cuongvm@gmail.com,0938540668,2025-12-10 00:00:00,true,FAN
FAN0136,xuantx,6684F5EDECF3EE57DEE572B07E1FE5754B1636E52DAA5E9AB5AAD347B2F0B870,Tran Xuan Xuan,xuantx@gmail.com,0961311420,2024-08-15 00:00:00,true,FAN
FAN0137,hungnt1,5246CCE8A20F2DD8B319BAD141B67A3618D264FD8A1007410A94B15F3EA44DF7,Nguyen Thanh Hung,hungnt1@gmail.com,0927721003,2025-04-18 00:00:00,true,FAN
FAN0138,minhlv,E91302D3E7967B6F929769177A2239136805D840984767F98BE1ADBD4C879DA1,Le Van Minh,minhlv@gmail.com,0943614050,2025-01-28 00:00:00,true,FAN
FAN0139,tudd,FD157624E9B66CEA984775718A575EB50870E62AFBDCE868AED53F3C8E19F1F6,Do Duc Tu,tudd@gmail.com,0987798662,2026-03-17 00:00:00,true,FAN
FAN0140,quanbb,E04A387E36BFE81FFF02A09D9EF010C35466CC20EBD08B0C23BE31A7F9BAB368,Bui Bao Quan,quanbb@gmail.com,0937234200,2026-03-15 00:00:00,true,FAN
FAN0141,phucbt,94BEA607EFE4E7435E1CAC4A710E80ED915B722978463426D824D167DA0FBF22,Bui Thi Phuc,phucbt@gmail.com,0911632676,2026-04-16 00:00:00,true,FAN
FAN0142,binhbv,404EFA37375FA762663841BAAA7A82310F8B9FD5EA9CB687AC977B9D62D39D36,Bui Van Binh,binhbv@gmail.com,0918633154,2026-03-07 00:00:00,true,FAN
FAN0143,vinhlt,4E7388C7DAE5F47D4AAAAD0F4DD6FC6EB80BE023949EFEAAD42594D7A85E5673,Le Thanh Vinh,vinhlt@gmail.com,0961450661,2026-03-04 00:00:00,true,FAN
FAN0144,yenvv,AD6CD891CCF7D78EAD86FB2788E8A32948D59B001706BCE811750A9E77471060,Vu Van Yen,yenvv@gmail.com,0902715728,2025-03-15 00:00:00,true,FAN
FAN0145,minhbv,03F7C686AF0E3374975141AB84EDB5A67B24FBFF8F13DF0CB808389138A8D360,Bui Van Minh,minhbv@gmail.com,0906454193,2026-05-19 00:00:00,true,FAN
FAN0146,dunglh,4872A853626492FF72109012C9110E97F1100437E595100C74CA04CB4D6BF526,Le Huu Dung,dunglh@gmail.com,0967291808,2025-12-12 00:00:00,true,FAN
FAN0147,yenhn,D601D7629B263221DD541A3131D865A9BCB087E3EDC702867143A996803307AB,Ho Ngoc Yen,yenhn@gmail.com,0987045521,2026-01-29 00:00:00,true,FAN
FAN0148,phucpt1,0E810497CDAD0EA5978E129E19AE8C288F1573F71669C50E1BD7968D1EE662DD,Phan Thanh Phuc,phucpt1@gmail.com,0975816904,2026-03-19 00:00:00,true,FAN
FAN0149,anbq,DA6A634892307A507197DBB469069547CB35E45D38B23E154197027AFCDE091F,Bui Quoc An,anbq@gmail.com,0940236032,2024-10-10 00:00:00,true,FAN
FAN0150,gianglh,C2141786D5C40007FDDA8D5CDF5B541213C82E3B408723B4FB0A80697123C002,Le Huu Giang,gianglh@gmail.com,0908436444,2026-03-28 00:00:00,true,FAN
FAN0151,giangtt,9BBB50179D8B0770184054E69FC1693B0920694593C623FA98D1175448883D49,Tran Thi Giang,giangtt@gmail.com,0938811853,2025-12-24 00:00:00,true,FAN
FAN0152,phuchb,5389DD6D1688B2F44A2A4C11FFE457B42E7B289E019D1DF6D64287231EB6FA37,Hoang Bao Phuc,phuchb@gmail.com,0913382028,2025-10-21 00:00:00,true,FAN
FAN0153,hungpt,495FA1F7A3B546C9AC14CED6A612F70085C7CFDD0A0B80E8BCF2D46229669A17,Phan Thi Hung,hungpt@gmail.com,0999135632,2026-03-28 00:00:00,true,FAN
FAN0154,sonnh,F0F3E48732B78498F8184C0F848677DF155E6E71AA16722650447E654511ABB1,Nguyen Huu Son,sonnh@gmail.com,0919648073,2025-05-15 00:00:00,true,FAN
FAN0155,yenln,A7200B31EEB58D8750480CF6BB58773EA94419B7D15E4C6FA63EAD0F31D58388,Le Ngoc Yen,yenln@gmail.com,0926323948,2025-05-05 00:00:00,true,FAN
FAN0156,gianghx,BE195FA37FDCB899887CAB07F8E580A15F91A9FAAA95297CA3217B103BCAE285,Hoang Xuan Giang,gianghx@gmail.com,0995181823,2025-10-06 00:00:00,true,FAN
FAN0157,cuongtq,A330D64954E86D7BFF4308548189DBEBD937AD3FABC7D5CA4C9D7D9EC8ECB3F9,Tran Quoc Cuong,cuongtq@gmail.com,0913111030,2025-10-24 00:00:00,true,FAN
FAN0158,namhx,F31981CAFF7A925921EBFC00B5F1FC9355DC455504A86E3D85EA624DDA77C097,Ho Xuan Nam,namhx@gmail.com,0948220353,2024-07-30 00:00:00,true,FAN
FAN0159,cuongnn,9BE4DAFABA88C5AC0C4109813438A86AA5FC2E0336D6B06739B1806F322E067C,Nguyen Ngoc Cuong,cuongnn@gmail.com,0950580159,2025-06-15 00:00:00,true,FAN
FAN0160,phonghm,4B186AEEAFAFBE519E8DC8252785BEE2569109E6FA42D10E3243A174DEAD5949,Hoang Minh Phong,phonghm@gmail.com,0932607184,2026-06-25 00:00:00,true,FAN
FAN0161,vinhbn,05B06265BF413273A8F8E46F81550618E6FA3C2576D098C49000A77ACD180649,Bui Ngoc Vinh,vinhbn@gmail.com,0964085887,2025-07-24 00:00:00,true,FAN
FAN0162,gianglh1,1D5E797982553235906BB2798D893D390297AC13109F5183467E7F6532562087,Le Huu Giang,gianglh1@gmail.com,0947964735,2025-08-10 00:00:00,true,FAN
FAN0163,tupx,3799DC1C28C7AB7E57696AA15C6415615BBAFB33ECD9A184C68FA88A6C6D2E77,Phan Xuan Tu,tupx@gmail.com,0995340686,2025-11-04 00:00:00,true,FAN
FAN0164,giangnt1,47FF280E0BD430C979D828DD3A5A07749603B73233C5F0F418D6364B1431412F,Nguyen Thanh Giang,giangnt1@gmail.com,0927311164,2025-12-09 00:00:00,true,FAN
FAN0165,vinhhq,76BE687EC273BC118D1E04A262ABA9317D4E1BEC72CE347625BAB8826B80C62F,Ho Quoc Vinh,vinhhq@gmail.com,0900730992,2024-12-18 00:00:00,true,FAN
FAN0166,cuongdq,4BD56A2F187EE54DB088BDCBC7E573152D8BE76DE702DA40F98400344DA74F45,Do Quoc Cuong,cuongdq@gmail.com,0966174084,2025-08-17 00:00:00,true,FAN
FAN0167,phucpt2,00CB62E42B8F2BBBF028AE9B3DEE3EC4A9D4DFA8B87F1B0535F642EB3D40990F,Pham Thanh Phuc,phucpt2@gmail.com,0909685493,2025-04-16 00:00:00,true,FAN
FAN0168,cuongld1,B82965828F5F2A8DB739200213DA6D77176CA8EC5DFCFB66D7EE3004DC9FC200,Le Duc Cuong,cuongld1@gmail.com,0992720659,2026-01-02 00:00:00,true,FAN
FAN0169,sonth,9C7DB31D09B8F1C9402E6A2C8C3D08A469425475D2FC6D80F8698061DAE73D92,Tran Huu Son,sonth@gmail.com,0954700460,2025-03-10 00:00:00,true,FAN
FAN0170,sonvn,0949BD843003E28C2714D7404DC0177B607E5ED5E9C6273CB9FC4CD8FED8ABBE,Vu Ngoc Son,sonvn@gmail.com,0908573078,2025-12-28 00:00:00,true,FAN
FAN0171,sonbm,E8470F49144E6D553CC6BC356FDDD807A334B6ECCED4B85F6846159DFE843AF3,Bui Minh Son,sonbm@gmail.com,0904249845,2026-06-02 00:00:00,true,FAN
FAN0172,khoadt,5594588B81CD367E90CA5E4D6D882FA61F32BADB098EE1AD557E1A7B57F17257,Do Thi Khoa,khoadt@gmail.com,0951879005,2026-02-04 00:00:00,true,FAN
FAN0173,namtb,64DD501B7C8F70C466A854F0C905F6FBB96AF29015B4E1C5D02DF40C2AE84792,Tran Bao Nam,namtb@gmail.com,0967317061,2024-12-26 00:00:00,true,FAN
FAN0174,vinhdh,FAC7BB2AF1D3028C0F5B71E22FC2C54C84EEF25DDE1D81BCDE02127921FFE58A,Do Huu Vinh,vinhdh@gmail.com,0988710691,2025-05-25 00:00:00,true,FAN
FAN0175,sonhm,C67600C5FAAAD96FD06FE335BEAF9D16D9BBC134B31DDBF2481ED320180C576A,Ho Minh Son,sonhm@gmail.com,0922146180,2026-06-28 00:00:00,true,FAN
FAN0176,minhht,72D3F89BA93CB1E40A5811D2B6605BBD59D95BB046715F15BA8C1FC26219B4CE,Hoang Thanh Minh,minhht@gmail.com,0944461397,2025-11-23 00:00:00,true,FAN
FAN0177,hungdn,3C378C9CAF6BCEB6CEF4E8F0BE4D0ED21F1ABB2DA4055540237B396CA22736EF,Do Ngoc Hung,hungdn@gmail.com,0943786148,2025-11-15 00:00:00,true,FAN
FAN0178,cuonghm1,1D708582F753C5849445355E276AFB64F5C1C309F23979D59C665F49FE13F9F0,Ho Minh Cuong,cuonghm1@gmail.com,0922332882,2025-03-25 00:00:00,true,FAN
FAN0179,tudx,73BB8336AF345D3F003B2C7CFEAB3C5708BD33A141125FA50936FF28601A63CE,Do Xuan Tu,tudx@gmail.com,0915188916,2024-11-12 00:00:00,true,FAN
FAN0180,phuctd1,CDDD0F946A214CCE0BC200F9EC0B46936ED483E87ACFBE505A2DFEC0AD9CF27B,Tran Duc Phuc,phuctd1@gmail.com,0960395182,2025-01-27 00:00:00,true,FAN
FAN0181,minhpd1,DB6FDDCAE96FED748492477E226594B3D7CBC091B2901CBDB496258F6017A8DA,Phan Duc Minh,minhpd1@gmail.com,0956173361,2026-06-02 00:00:00,true,FAN
FAN0182,vinhdq,60F456AA7B7093A0E31AD9C559BCEDBEDB5443E2EFFFFBE4A30C7B1A91CA6202,Do Quoc Vinh,vinhdq@gmail.com,0961755559,2025-08-14 00:00:00,true,FAN
FAN0183,yenpd,D45C7DE35A59D9145EA3FCC4A3B6E2A6AA6ABE00F97AE843E32A554666AB3C2B,Pham Duc Yen,yenpd@gmail.com,0995393544,2025-02-14 00:00:00,true,FAN
FAN0184,tudh,4C30E7C4E70DD93BCA87A16D9A09F7116AA0789037AF27BE7BC36B5927FE2F09,Do Huu Tu,tudh@gmail.com,0958023379,2025-09-19 00:00:00,true,FAN
FAN0185,andb,815DE4EF06543A0622DC70A859E50C52FA0F15BFC27DA1D87C399DD077960BF0,Do Bao An,andb@gmail.com,0943438931,2024-10-22 00:00:00,true,FAN
FAN0186,xuanpm1,B152FB0E61D328DAA53519014576921B2BB7FCA49BAB8F6866F54CD950C9FCCC,Phan Minh Xuan,xuanpm1@gmail.com,0996108398,2025-07-10 00:00:00,true,FAN
FAN0187,nampt,58952757FE382ED8FBF8DFA0DDEBA6A7D9A46C67A442678658962661215886C0,Pham Thi Nam,nampt@gmail.com,0944171897,2024-10-26 00:00:00,true,FAN
FAN0188,quanhb,1ABE2E185971BB5FF83D5BCF730934BD29B8F94CA0CCE14CF06755122A5F4F7E,Ho Bao Quan,quanhb@gmail.com,0916329388,2025-11-17 00:00:00,true,FAN
FAN0189,tult,9950F5F8048174B5FF67E58193C5B2DEB271DC7B4253F13BF64667017B769B83,Le Thanh Tu,tult@gmail.com,0954258665,2026-05-03 00:00:00,true,FAN
FAN0190,phongpb,2FF69EA5A11144909B394342ED5F6CF5E73E062315BAC91BC77A00605ED3BCF2,Phan Bao Phong,phongpb@gmail.com,0981695612,2026-06-28 00:00:00,true,FAN
FAN0191,cuonghh,2643C17CADE533E41409CBD5ADA38DF3B5490F14C54A53841E21E0113BB2C6C7,Hoang Huu Cuong,cuonghh@gmail.com,0963709445,2025-08-04 00:00:00,true,FAN
FAN0192,cuongtq1,40D0CF3B61304E0AC3D5C3BE5E10586912AA9A5C4D8ABC8E4045C7B60EE59885,Tran Quoc Cuong,cuongtq1@gmail.com,0965355532,2024-11-27 00:00:00,true,FAN
FAN0193,binhlm1,A30CE92DC2ED0EDC9480B4E7978D63F9BBBF165FE4F99D5D73740C823CC605D7,Le Minh Binh,binhlm1@gmail.com,0965387877,2025-11-14 00:00:00,true,FAN
FAN0194,giangbt,B76A25BA350DC599B72E66A4BFF6CE4DDB55C9D78468794E22CE4CCCCE78D41B,Bui Thi Giang,giangbt@gmail.com,0948382887,2025-12-21 00:00:00,true,FAN
FAN0195,yenhh,D01BE9A8818019DA9B962035F3DE9E6AA1EC1B15C96A9044508A5CD2BD226286,Ho Huu Yen,yenhh@gmail.com,0929189252,2025-01-20 00:00:00,true,FAN
FAN0196,xuanhm1,5D3823FD47D5BEBAE10BB00FDF568B06AB81487581366B88AE2967E06D029B92,Hoang Minh Xuan,xuanhm1@gmail.com,0996064372,2026-01-16 00:00:00,true,FAN
FAN0197,khoahq1,E59E709DE894DE8D95BDF84F83F341778058A99DC3F147E5027FD4047B66742A,Ho Quoc Khoa,khoahq1@gmail.com,0928309867,2025-10-25 00:00:00,true,FAN
FAN0198,minhpn,AC865EEA92919E90A7B00DF59F08ECB59BB4EFA29F175059F0338DF27C775B6E,Phan Ngoc Minh,minhpn@gmail.com,0913574359,2024-08-22 00:00:00,true,FAN
FAN0199,quantt,A33445C8FE65518E988B1DF0FA190DE986B4F8428E077EBC645E70804E27D39C,Tran Thi Quan,quantt@gmail.com,0923877860,2025-12-16 00:00:00,true,FAN
FAN0200,khoahh,E9A598C9884B2B4CC953D634B504B80692A42ABBFDA07E11F695582D58B04D1B,Ho Huu Khoa,khoahh@gmail.com,0927944283,2026-03-04 00:00:00,true,FAN
FAN0201,gianghn,4E697574C6E3693487942C34FF3279F02E9BADFA8C7984A85B5DA6E15500796F,Ho Ngoc Giang,gianghn@gmail.com,0929709869,2024-08-19 00:00:00,true,FAN
FAN0202,tulv,FCA4836976E56C23B1AA03A2815AEF685B33E9BB1838130EAA6D30533C90BEE1,Le Van Tu,tulv@gmail.com,0970479922,2025-04-21 00:00:00,true,FAN
FAN0203,yentb,92238160D01B5EB13C2068B95B9EE42D99AA3DAE270FCD1A62DC64E874AD3642,Tran Bao Yen,yentb@gmail.com,0918328802,2025-03-09 00:00:00,true,FAN
FAN0204,phucnq,5781C91A7F022F6B146981A13B2E1DB3E2681B6374AF6215038BD54A38F9B44C,Nguyen Quoc Phuc,phucnq@gmail.com,0966464436,2025-06-13 00:00:00,true,FAN
FAN0205,binhbn,8A72FD92B00AD741FBB6D81043093AD52DC6E3935A7CE243B140A69C715B633D,Bui Ngoc Binh,binhbn@gmail.com,0959818329,2026-02-09 00:00:00,true,FAN
FAN0206,quanhd,77A3E31211F30C72E0A2307172B93A4ABD354F03862DAABE24A50B6BC678A43F,Hoang Duc Quan,quanhd@gmail.com,0925804433,2025-08-01 00:00:00,true,FAN
FAN0207,dungpq,BE0B7CFF1E179AEC6628A376C80CC0A1C1DE12BB16D49977C404C6D3E81E31E7,Pham Quoc Dung,dungpq@gmail.com,0964681424,2025-02-15 00:00:00,true,FAN
FAN0208,sondn,A1D6B3FF0A92F6CD6D23FED3ABAA996197D7B8465F255645D7F249E78C0FE1D0,Do Ngoc Son,sondn@gmail.com,0996500247,2026-04-25 00:00:00,true,FAN
FAN0209,vinhdh1,C24EDEDB604746F61E8DF8F6BFDC08664C29F8AED0AAB8E06414DA6AAE07E7DF,Do Huu Vinh,vinhdh1@gmail.com,0913290154,2026-04-18 00:00:00,true,FAN
FAN0210,quanhh,A757439E315EFAD24E88DE219C390F2F5F956243826AF4C970005A4660FDBA66,Hoang Huu Quan,quanhh@gmail.com,0906809918,2024-07-28 00:00:00,true,FAN
FAN0211,phuchx,6E2C900E224A38BE84DF8B91DA0E2E36F9D07FCDE6FDF5BD7539970D536DBAB0,Ho Xuan Phuc,phuchx@gmail.com,0901993078,2024-09-08 00:00:00,true,FAN
FAN0212,yenph1,644F72A3CC2B2729424618C7317594D4190928FF2150DFF08C050D78EA59C779,Phan Huu Yen,yenph1@gmail.com,0937028517,2026-02-03 00:00:00,true,FAN
FAN0213,dungtt1,813B9B3BF8301F2A77D091F9E26B4EA05B7625AC3389E17456E16054A5EF052A,Tran Thanh Dung,dungtt1@gmail.com,0988124157,2025-01-15 00:00:00,true,FAN
FAN0214,anlh,6B09F691894C543EE6EF078BD9E5DB9A51ED30E3DEBCC9C1D008B49DBC47EFAD,Le Huu An,anlh@gmail.com,0908121035,2025-02-08 00:00:00,true,FAN
FAN0215,nampn,90B6070389842F54157E6E4A48588A9CC41DDB4ADE1E3F4DFB952D4FAB255C85,Phan Ngoc Nam,nampn@gmail.com,0951325691,2025-02-13 00:00:00,true,FAN
FAN0216,hunghn,77D0972AA80957C6C650D7F5DED32B8F9F0DDE09F1FF3078662198F3A281E7FA,Hoang Ngoc Hung,hunghn@gmail.com,0903603873,2025-07-16 00:00:00,true,FAN
FAN0217,anpv,02A6C8017999AA7F7D26ABD074D9D95EDCAD0995817F779E85AEA17DF0958A9B,Phan Van An,anpv@gmail.com,0907124348,2025-03-23 00:00:00,true,FAN
FAN0218,dungtb,42BEB967D02A59C6E72579EA3FA13A6B5B035E1C2F411C247B65358440F26FA7,Tran Bao Dung,dungtb@gmail.com,0928233619,2025-04-04 00:00:00,true,FAN
FAN0219,yenph2,BB3AD11B9F6D9216EEFC0D9F487B2811934BFE59E85113CEC9E8AE2C060261C2,Pham Huu Yen,yenph2@gmail.com,0966304349,2025-01-28 00:00:00,true,FAN
FAN0220,dungdt,1C75F4AAC31E15B1396467BC13060150906E6FB1B997B121C4936F2E1A50F943,Do Thanh Dung,dungdt@gmail.com,0954368091,2024-09-15 00:00:00,true,FAN
FAN0221,xuanbx,B9665B2B8959453EB7F2A9616584DE471D8AD7B28FD9A61138BD468AD0A425A0,Bui Xuan Xuan,xuanbx@gmail.com,0932221358,2025-01-14 00:00:00,true,FAN
FAN0222,sonhd,FACBD7953FA9EE64E1C57738EAE96C5F32C415B370111DE2B3CFA6B59B23AD00,Ho Duc Son,sonhd@gmail.com,0906473985,2025-09-15 00:00:00,true,FAN
FAN0223,giangvq,1F4A391B7CC36E2F63C283553B3AB4F9C04E77D79CD1AFCC6734C3A55F731EEC,Vu Quoc Giang,giangvq@gmail.com,0993514010,2026-02-28 00:00:00,true,FAN
FAN0224,tulm,9E7C752907EE8665513BE02ACC0B0C09FFFF0921E30511716C002A57485AC207,Le Minh Tu,tulm@gmail.com,0918222069,2025-12-04 00:00:00,true,FAN
FAN0225,khoaht,5C57DD893DB405F9456CBBB49C94FCEF85005C9185885A93B9499DA5611DCC43,Hoang Thanh Khoa,khoaht@gmail.com,0945618648,2026-06-21 00:00:00,true,FAN
FAN0226,khoatd,75920B4A8744DAE9FB38FF98574ED63D4820658F301BB2869999989D985C4892,Tran Duc Khoa,khoatd@gmail.com,0941408793,2024-07-17 00:00:00,true,FAN
FAN0227,tunn,1696B5BA5612F38991EB9974BA86D438149297FF5055E6E31F3AE7F63E99FAC1,Nguyen Ngoc Tu,tunn@gmail.com,0973336139,2026-04-03 00:00:00,true,FAN
FAN0228,phucpv,36A1582D66DE6323ECDDB97313863AEE71A5C019B6D1B370DA790B65A62A4883,Pham Van Phuc,phucpv@gmail.com,0964401351,2025-09-17 00:00:00,true,FAN
FAN0229,minhhv,9E34BADCEB8139E4DBEA404F379159C76582DACBF5C9C7789C7D223EDD328AC2,Hoang Van Minh,minhhv@gmail.com,0903211848,2026-01-04 00:00:00,true,FAN
FAN0230,anhn,6A327CABAC103B73C91989448B04038E0540E03C1E466B9378346028F7E8090E,Hoang Ngoc An,anhn@gmail.com,0980772970,2026-05-01 00:00:00,true,FAN
FAN0231,yenpb,0CD1A34F93572BB80A5BF493D220BB881030335EC17A4E358C6DA73A1EC30B4A,Phan Bao Yen,yenpb@gmail.com,0914803561,2025-12-12 00:00:00,true,FAN
FAN0232,phucdb1,00D779E256D1BA7DE18135735DC18C8B112CD7CADF3587E9C106B88A91B6933E,Do Bao Phuc,phucdb1@gmail.com,0989899391,2026-02-18 00:00:00,true,FAN
FAN0233,tund,E1A540168A0E280DD1E4961C3404A0EAE5464C1851EE4EB380EBC6BD5DA844E2,Nguyen Duc Tu,tund@gmail.com,0984289804,2025-10-23 00:00:00,true,FAN
FAN0234,sonhv,93FF4D79302417D6912B8C2620C1A5FCB8DBE305C1A351A8F3CD7560E3F4D4F2,Hoang Van Son,sonhv@gmail.com,0923208689,2024-08-20 00:00:00,true,FAN
FAN0235,khoabd,CA22324A93E96EC588C9B9ED5C47F8337182BDB2378DA0F409CD6D8B7174F5EE,Bui Duc Khoa,khoabd@gmail.com,0997366926,2026-03-21 00:00:00,true,FAN
FAN0236,yennt1,E7B5D6DED8878506F45842701EBF8E0BEEED79D599B8E5F7F1DCAD23998364B8,Nguyen Thi Yen,yennt1@gmail.com,0971357562,2025-10-02 00:00:00,true,FAN
FAN0237,hungbt,D20D5C8023C2AA5586C1EC8872E7E63CCCAAA38DD027FAA0261D2073BDC6D313,Bui Thanh Hung,hungbt@gmail.com,0970251196,2025-11-09 00:00:00,true,FAN
FAN0238,binhhd,73383668DD42A36CC3D7FBC29CC08308C9A98A65433BB7A76F83693FEA41735F,Hoang Duc Binh,binhhd@gmail.com,0978042091,2025-08-28 00:00:00,true,FAN
FAN0239,binhpb,675D918146FD1148871AD40822EF990C5F0D8E195BACDBD21F2A5ED8B826A546,Pham Bao Binh,binhpb@gmail.com,0968335844,2025-11-09 00:00:00,true,FAN
FAN0240,minhbm,21A0554F8829DB9A4B8507D168038CCB1E29AEFFF7E54269B553A3CFD7B47A2F,Bui Minh Minh,minhbm@gmail.com,0983817992,2025-05-11 00:00:00,true,FAN
FAN0241,xuanvt,1771B93C93BE72F381FDED3E1BE40020FC6995EFDC8E2F29BEB8470BBC214FB1,Vu Thi Xuan,xuanvt@gmail.com,0937114418,2024-09-01 00:00:00,true,FAN
FAN0242,dunglv,841993AFEE2BC177F686CB1758F9BB4E33341B581BE49CEB83919571839F4EB0,Le Van Dung,dunglv@gmail.com,0964964840,2024-09-19 00:00:00,true,FAN
FAN0243,andh,65F0A7FF6740FC12E70AB8A4790505F8C241636B66F41261035547246BACD3DB,Do Huu An,andh@gmail.com,0974983314,2025-05-18 00:00:00,true,FAN
FAN0244,khoabb,D48B70E3D55B878F47920F576CB9820CD501CF6CDB79B36C8B5A715C24ADF96B,Bui Bao Khoa,khoabb@gmail.com,0939170384,2025-09-22 00:00:00,true,FAN
FAN0245,vinhhh,AD2ED5A48A1BD0F3C93721247FD8E73FC7B04A74B399E77F49D430B10D826BC8,Ho Huu Vinh,vinhhh@gmail.com,0929993538,2025-03-15 00:00:00,true,FAN
FAN0246,giangtv,5B04C6BAE11DD60D65ADF5AC248C93318E3764FEBC6AA7E082E1115BF1D626BF,Tran Van Giang,giangtv@gmail.com,0940652453,2025-02-15 00:00:00,true,FAN
FAN0247,khoavm,B20F2307F37C1F46B95D19146F5785706119F8E258056BFFB8FDA77F4E1C87BE,Vu Minh Khoa,khoavm@gmail.com,0903483838,2025-08-09 00:00:00,true,FAN
FAN0248,tuhd,5B4AEFF8392D03972FE5A571B04CD6BCF7F7E5BE075552E2A4EFA90B9F1AD93D,Hoang Duc Tu,tuhd@gmail.com,0953390612,2025-09-02 00:00:00,true,FAN
FAN0249,sonhm1,76446049622338E61C35F05647D99D82EEA417951B3D7A4C7B5F09FA3F9282EB,Ho Minh Son,sonhm1@gmail.com,0957402962,2026-03-15 00:00:00,true,FAN
FAN0250,cuongpn,726DD218523B90B195E16EE962A1A0001B297284A8B49FED235A0490B8F71D1E,Phan Ngoc Cuong,cuongpn@gmail.com,0932535617,2024-10-06 00:00:00,true,FAN
FAN0251,quanhb1,E806C83B9C005DCF5C1448856CFB758AF071C024F8230E46F3DB8F9D249BEE8F,Ho Bao Quan,quanhb1@gmail.com,0966252000,2025-06-17 00:00:00,true,FAN
FAN0252,yenpd1,9E048385C3B8404AB3DF0F98794B961DB11B9F560F2C97A0E331F983B616B91E,Pham Duc Yen,yenpd1@gmail.com,0985172787,2024-09-25 00:00:00,true,FAN
FAN0253,minhtd,92FF640F693AD2E8C1884B6F19014386E6DB613E3A2EE524CB93249320987CBE,Tran Duc Minh,minhtd@gmail.com,0918161888,2024-08-16 00:00:00,true,FAN
FAN0254,dunglv1,B16C276F602722F88C2F95A6858F976DB90DC3E717E9272A74D925C3009629AB,Le Van Dung,dunglv1@gmail.com,0968387880,2024-11-24 00:00:00,true,FAN
FAN0255,quanbq,D99D016EBA4DC377D4182E971A67E87CC54C4A27826E13BD4CA39060A0525FDB,Bui Quoc Quan,quanbq@gmail.com,0973706895,2024-12-27 00:00:00,true,FAN
FAN0256,tulm1,CBD1899DA8525137A9255548990090624D1C545A083A48828D85B8CB9C550F43,Le Minh Tu,tulm1@gmail.com,0913523950,2025-04-09 00:00:00,true,FAN
FAN0257,phonght,5F2006D5ED67D133E4331E7C4A9E179E4BA6511CD6465379F8D79F16493B9AFB,Ho Thanh Phong,phonght@gmail.com,0900694912,2025-09-14 00:00:00,true,FAN
FAN0258,binhvq,FF7FB48EC0BD80876C9C246D33D18EFD0648BFF6467FCC945DB7F49692DAB1E1,Vu Quoc Binh,binhvq@gmail.com,0900951436,2024-08-25 00:00:00,true,FAN
FAN0259,phuclv,F0BB405CE12BBB22AC30E9DBC17D4A2C30FC6854F90A116C62A6FB0CC18541F0,Le Van Phuc,phuclv@gmail.com,0935607699,2025-02-24 00:00:00,true,FAN
FAN0260,xuanlx,0E83E2961B15C8B105B435C1A14142E0E146C42B73E5D60719A8142455D7FDF1,Le Xuan Xuan,xuanlx@gmail.com,0938808320,2026-03-08 00:00:00,true,FAN
FAN0261,hungvd,24143F0869D2ED05ACC3662513DC968E6A8211A95710F8E958A6F1E6F8BE9333,Vu Duc Hung,hungvd@gmail.com,0946665701,2024-11-04 00:00:00,true,FAN
FAN0262,binhnx,02D72E97CB2A12CC111547AC5FAB78461E205E350DADB2B9D8486D9C885CBAA4,Nguyen Xuan Binh,binhnx@gmail.com,0914316802,2025-11-07 00:00:00,true,FAN
FAN0263,namth,91927E5E1BE4C42DAD1681D5EEE68031369C563BEB66473872808EB87F12776C,Tran Huu Nam,namth@gmail.com,0950390622,2025-07-19 00:00:00,true,FAN
FAN0264,binhhq1,34EE329F454DE948A149842BE8EDB56BEB439099EBCAB4D072FB85166D826BA8,Hoang Quoc Binh,binhhq1@gmail.com,0999570794,2025-08-09 00:00:00,true,FAN
FAN0265,xuanpt1,8250788247A1474360BF0817CCE9E4D2AE4B178141230186AAB3F57203356F6B,Phan Thanh Xuan,xuanpt1@gmail.com,0912725162,2025-04-02 00:00:00,true,FAN
FAN0266,sonhx,FD7490DADBD4FC3545C29D0425DDA31D2BD7F41F13695BFB030504E9DE0E9DAF,Ho Xuan Son,sonhx@gmail.com,0963472099,2025-02-23 00:00:00,true,FAN
FAN0267,yenpv,1CEC00E2E9DDA8CCCD6B605C4E249CA92A562A61163B1FCDEA69BB3D448EDEC5,Pham Van Yen,yenpv@gmail.com,0951198097,2026-05-21 00:00:00,true,FAN
FAN0268,vinhhn,E7E91AC7BDA8D5747C5814E62FE2914C61A1BDE7081620EF7C0F23D3E0A8DB46,Ho Ngoc Vinh,vinhhn@gmail.com,0905280612,2026-04-28 00:00:00,true,FAN
FAN0269,xuanlh,3A3851EB0432B0B29BAD7A46FCE1A034B64036CEE22923CB91A39C097CC7B0D2,Le Huu Xuan,xuanlh@gmail.com,0981486044,2026-04-22 00:00:00,true,FAN
FAN0270,vinhdh2,C7210F6FD9C03EDE3B09FDB4940441364C694247C221A5518A1218B8662EC091,Do Huu Vinh,vinhdh2@gmail.com,0942898235,2025-02-01 00:00:00,true,FAN
FAN0271,sonht,CDB46F420D93A5780FACD6DB889919714E26E873E6A2ED56ED2433E5E4F48A3C,Hoang Thi Son,sonht@gmail.com,0935927821,2024-11-13 00:00:00,true,FAN
FAN0272,dungnt,76D970B23282220EDF53388FCCE316A8532CC22B7F22D0852CC55666D8B7C8CD,Nguyen Thi Dung,dungnt@gmail.com,0985517863,2026-02-28 00:00:00,true,FAN
FAN0273,dungbv,8386AF341F6D011104809D1E7D05D88D988350078BC9A9B83A05C97AC57A182F,Bui Van Dung,dungbv@gmail.com,0955151134,2025-02-13 00:00:00,true,FAN
FAN0274,tuph,2F70239F13814B3E18DE8C1371D5ABE2B6A02295CB8753F218F3DB62C5A6F94D,Pham Huu Tu,tuph@gmail.com,0934268459,2024-08-01 00:00:00,true,FAN
FAN0275,binhhb1,21DF5FA7385BCDAB52383D2EC826E9A6AB3B0D803130B6E68F6034BECA6EC4C7,Ho Bao Binh,binhhb1@gmail.com,0957859729,2026-01-05 00:00:00,true,FAN
FAN0276,phucvx,B824A3D804DC55AE2857A4E8932B2F140BDCA39F387EA4EECBBA23713EC02A71,Vu Xuan Phuc,phucvx@gmail.com,0962678196,2026-05-14 00:00:00,true,FAN
FAN0277,sonlx,3B2F5B3B5FEBF284C16B2BD7DA05F26DD403FF6D3F0190BC18444A42C3CA3829,Le Xuan Son,sonlx@gmail.com,0964329671,2025-07-01 00:00:00,true,FAN
FAN0278,sonhm2,8B496AFC2A040DDB7AA88177E0516C9F31997160E8C489B4642C9D0D55A6E2D8,Ho Minh Son,sonhm2@gmail.com,0959691452,2025-03-12 00:00:00,true,FAN
FAN0279,giangvt,564172FB1A3B720C0D599D95E4E7E27C156C1CE32D47B747F8E13301F91720F0,Vu Thanh Giang,giangvt@gmail.com,0995816529,2025-05-06 00:00:00,true,FAN
FAN0280,namhd2,E2C10D9BC0E678DC14EE061410748B0BCD2571743F7AAC8D9EBFB3A2CEE9EC8F,Ho Duc Nam,namhd2@gmail.com,0927208622,2025-04-04 00:00:00,true,FAN
FAN0281,antm,B7FFE2F64113D6E3160E76DD79A88802960DD58AF0C02F017ED6EC792E33786B,Tran Minh An,antm@gmail.com,0953365748,2024-12-01 00:00:00,true,FAN
FAN0282,giangph1,5AB7CAA69A434C5DE62282AE244A1B9163C48281FEBE8B636BFF85A11B3F87F4,Pham Huu Giang,giangph1@gmail.com,0938027501,2025-01-20 00:00:00,true,FAN
FAN0283,minhpt1,81F5E7C29C33431B0AFD71D2D5F5E70B2EDD99A30D1EACD389848486E86C2E77,Phan Thanh Minh,minhpt1@gmail.com,0964246362,2025-03-20 00:00:00,true,FAN
FAN0284,anhv,955F60F12CFFB5A942EDA2B69D7CC312D216FEBFAD3E80E00192C49A801F1B9B,Hoang Van An,anhv@gmail.com,0904752143,2024-09-11 00:00:00,true,FAN
FAN0285,khoapt2,926E984E460CB11403634D29E6A1ED17EEF1AD055CC7C4A91E1B78059D990B69,Phan Thi Khoa,khoapt2@gmail.com,0938018328,2024-10-25 00:00:00,true,FAN
FAN0286,phucvt,574D5C20886103A820C51447AE39A8F9393B0D0F8EB9AF89B6495FD7F62BD368,Vu Thanh Phuc,phucvt@gmail.com,0973157904,2025-11-11 00:00:00,true,FAN
FAN0287,phucpt3,0B6C8E215CABD3C0F9CA3A80CF383AEBD098F120C834544EEACB528DB199E87C,Phan Thanh Phuc,phucpt3@gmail.com,0988866019,2024-07-21 00:00:00,true,FAN
FAN0288,gianghn1,F15799CE0286D93D92F09DE0731B10A7B7D218B8F6E8353BEECF95C86261FCEA,Ho Ngoc Giang,gianghn1@gmail.com,0913468560,2024-07-27 00:00:00,true,FAN
FAN0289,binhlx,279A97F7DB5DDAE25A243BB20C7AE68BA11F492E4C8F9CB2EC4D6A012024440D,Le Xuan Binh,binhlx@gmail.com,0990402207,2025-10-07 00:00:00,true,FAN
FAN0290,tuhd1,E8B1715D9C90356415FAAC5F3D5309D993D19ACBE00F4F76CBC345A007A3D30A,Hoang Duc Tu,tuhd1@gmail.com,0929018270,2024-10-30 00:00:00,true,FAN
FAN0291,sonbm1,EAC59B921D864D3CEB20CC14B68CEAFB71B1820073BED6CCE44590F2AE60CD91,Bui Minh Son,sonbm1@gmail.com,0903351994,2025-11-13 00:00:00,true,FAN
FAN0292,quanlt,D3B2793DC3CFCB931E825B2BABF0353310626E41DD529BCBE5D93BDB94D19966,Le Thanh Quan,quanlt@gmail.com,0955849670,2024-09-13 00:00:00,true,FAN
FAN0293,yenpx,9AA7E78D836399905ED187C9258088B0E773A8D18D6A867639D5874061F8658E,Phan Xuan Yen,yenpx@gmail.com,0951392705,2026-03-08 00:00:00,true,FAN
FAN0294,quanvb,DA08AA58FFFF7BAD63B4B92831A199615B6EF1E7B6A3F0A646C14D9E81226FC4,Vu Bao Quan,quanvb@gmail.com,0948393686,2025-08-04 00:00:00,true,FAN
FAN0295,giangth,BF6329E3B014E63D376747969A1CCD1B8D486FBDDA1CDC3560F366D4B1C1DD22,Tran Huu Giang,giangth@gmail.com,0990360811,2025-06-05 00:00:00,true,FAN
FAN0296,namht,377196A13B7D95A4DB87390E2813740A5E691D61A4EBB57552724D5C762DAC9A,Ho Thi Nam,namht@gmail.com,0976130023,2025-03-29 00:00:00,true,FAN
FAN0297,quanvn,8B7E87869D0D4B42EA2F33817C84CB38D3739FC436EF9D069E1D17AB34B8D6DB,Vu Ngoc Quan,quanvn@gmail.com,0967993696,2026-01-23 00:00:00,true,FAN
FAN0298,phuclq,BD879D249FFC4006CABF18D22130961B779259E60F54AA2E6624842C05FB4E4F,Le Quoc Phuc,phuclq@gmail.com,0931785076,2024-12-04 00:00:00,true,FAN
FAN0299,phonghb,7D0BDA053612B3BBB570FEEDC41E95A951271F2373499BC7A7F71B0C5817939B,Hoang Bao Phong,phonghb@gmail.com,0911900830,2024-12-30 00:00:00,true,FAN
FAN0300,anpx,BE920DC7A7ED04BE07AA8F4D5DFF88E7B59A6015F54D7B269912E031375D2C30,Pham Xuan An,anpx@gmail.com,0973552918,2024-10-01 00:00:00,true,FAN
FAN0301,vinhpt1,A97D2D342CB484808DA12A92CECAD2534420C059C2AD5E286C21D533E74767A4,Pham Thanh Vinh,vinhpt1@gmail.com,0942002209,2026-03-09 00:00:00,true,FAN
FAN0302,dungvm,C706DE3536B14EC2655AB91183AF3CA52076D91A76E0AC69ADB7E7C2AC29479C,Vu Minh Dung,dungvm@gmail.com,0937912593,2024-09-09 00:00:00,true,FAN
FAN0303,khoabq,47ECCAF210B519F43C06494401BBCC02066D6C54CC30A19A763A532C04C5C34C,Bui Quoc Khoa,khoabq@gmail.com,0951060952,2025-08-20 00:00:00,true,FAN
FAN0304,dungvn,710B89212F8EBFA75D3BBC0013A9726437CAD4D615FCEDC2F9A2B9FDE4EA9618,Vu Ngoc Dung,dungvn@gmail.com,0914657016,2025-11-21 00:00:00,true,FAN
FAN0305,dungnh,A77125F6987A1F3DBE60F4507919C8FED816C2460FB4A7C632CFEB034CBC0445,Nguyen Huu Dung,dungnh@gmail.com,0994002810,2025-05-20 00:00:00,true,FAN
FAN0306,tunn1,94BF4A2992D16CE1B312F68BF76FBD3C086A337B93483F1C64D41F5AAD24A18A,Nguyen Ngoc Tu,tunn1@gmail.com,0982467630,2025-06-22 00:00:00,true,FAN
FAN0307,gianghh,53D6C1E29FD6C11778AFCFEB16F13836757FC5EEEE9054449394BE89DEF27451,Hoang Huu Giang,gianghh@gmail.com,0905091015,2025-02-10 00:00:00,true,FAN
FAN0308,vinhpq,E3CA43D7686FFEC5E0E3AD8F0880662302168468B850B3CA6C806EB42F157BC9,Pham Quoc Vinh,vinhpq@gmail.com,0990287549,2026-03-04 00:00:00,true,FAN
FAN0309,phongdb,486570EC83FBD60B970D6455AC9B3D4777AFD7CD6A0754A1C989419E4719F02E,Do Bao Phong,phongdb@gmail.com,0915666620,2026-04-18 00:00:00,true,FAN
FAN0310,quanhd1,BBCB0343DA9BD12E2F25F276126953437808E9B6610D30E9A2546686E0D365A2,Hoang Duc Quan,quanhd1@gmail.com,0953151549,2025-11-20 00:00:00,true,FAN
FAN0311,tuhx,EF55646022592C1E67A7D3E69B7F324A34600563050AAAB70F357D7D364B1A64,Hoang Xuan Tu,tuhx@gmail.com,0953468515,2024-08-21 00:00:00,true,FAN
FAN0312,namhb,D8D3B7A0AA973C9DD4DA3058CCAFBC9D4CEE1D6D8CE51ADFDDF7B336AD85128B,Hoang Bao Nam,namhb@gmail.com,0976569991,2025-02-13 00:00:00,true,FAN
FAN0313,gianglm,9E07F1AE4172B657821DB7F35E3F866617C66457605F4ACD368790FE59AC7ACE,Le Minh Giang,gianglm@gmail.com,0954699520,2025-01-24 00:00:00,true,FAN
FAN0314,cuongpb,CA6B157FDB0985287D92C4493E6837CE99F1927E374220B511CE020F52FD7CB1,Pham Bao Cuong,cuongpb@gmail.com,0952365871,2024-12-06 00:00:00,true,FAN
FAN0315,phongpn,7BF6F852B82FECBAD3EA9D6AA32572DF3B07AE7A722A3B677EA876655EA21401,Pham Ngoc Phong,phongpn@gmail.com,0903579666,2025-03-03 00:00:00,true,FAN
FAN0316,phongvd,3F96201C59ABA8D95F776105A88F4C7F46AF190D328A8BC2D404031D0C7DDAFD,Vu Duc Phong,phongvd@gmail.com,0919124801,2025-08-18 00:00:00,true,FAN
FAN0317,namhb1,95070C7E35B9290F7BDF5DD5510F5DA34AAC789011CE7F9AFE5329F8E43CB317,Ho Bao Nam,namhb1@gmail.com,0982507613,2025-12-20 00:00:00,true,FAN
FAN0318,binhpd2,9DBE4059BB7623C293B39D66A0CD27F9D806872B5B0DF4F33B5266E9C0B4C135,Pham Duc Binh,binhpd2@gmail.com,0919416359,2025-09-25 00:00:00,true,FAN
FAN0319,binhhd1,6F354365303D8FE34FBD64442362ABC0A22BB14B29BA60962D2CABC5C765FCD6,Hoang Duc Binh,binhhd1@gmail.com,0936184227,2026-02-14 00:00:00,true,FAN
FAN0320,khoabx,0E50D42543E59DBD849B7C37E286F0EAFB5C1DC5965A0BE1062E16ED91BF7070,Bui Xuan Khoa,khoabx@gmail.com,0971619439,2025-07-18 00:00:00,true,FAN
FAN0321,phucpn,A20AFF106FE011D5DD696E3B7105200FF74331EEB8E865BB80EBD82B12665A07,Pham Ngoc Phuc,phucpn@gmail.com,0921709270,2026-02-04 00:00:00,true,FAN
FAN0322,vinhhq1,CCB30E829FB873824F12610650B9459FBB3B25E55FAF260BEDDD658255D7D22E,Hoang Quoc Vinh,vinhhq1@gmail.com,0960051319,2024-10-24 00:00:00,true,FAN
FAN0323,minhdx,2B87ABD215C673396B53CA362A3268BDD524DA945C942BF1D25CFD370C113AD7,Do Xuan Minh,minhdx@gmail.com,0947471796,2025-12-20 00:00:00,true,FAN
FAN0324,binhhd2,A83CE4A76DC4F11C497984EE1911AE0D218E83C432A7EBDF09BBC5A0C95EA331,Hoang Duc Binh,binhhd2@gmail.com,0991245837,2026-05-06 00:00:00,true,FAN
FAN0325,giangvt1,98BB8874D267A22DF94B4494D4C67C5456D84DF9859025C6F3DFEA9795929545,Vu Thi Giang,giangvt1@gmail.com,0953760236,2025-02-22 00:00:00,true,FAN
FAN0326,khoavh,2FC2980F8A9ACAF990BA2C1CD4A562A0DF3DB8E4FBE482945D510980F81C30B9,Vu Huu Khoa,khoavh@gmail.com,0935697681,2025-12-13 00:00:00,true,FAN
FAN0327,xuanpq,17FCC4ADA61980CA6551586072B9EBBBEAF48A5988491F0E122BC82A76E1C449,Phan Quoc Xuan,xuanpq@gmail.com,0970836724,2025-03-31 00:00:00,true,FAN
FAN0328,xuanbd,D48EB36544E414EA803931905E129726D82B81B8A94891F81857E3AE2349EB58,Bui Duc Xuan,xuanbd@gmail.com,0953916706,2024-08-24 00:00:00,true,FAN
FAN0329,dungdv,94859F5AA3AFD807F6CB88CC5B176BE6ACE7D9B6A13B8B32A76AA5B7FAD5531A,Do Van Dung,dungdv@gmail.com,0975049761,2024-10-04 00:00:00,true,FAN
FAN0330,namln,6C63E98377408187E8159816EE5E663F7B41E92389715B9497B65C651F91EB7C,Le Ngoc Nam,namln@gmail.com,0946069512,2026-02-13 00:00:00,true,FAN
FAN0331,phongph,E44AC9C3121547BD4779E4247EBC4E7110A7FAFA7E2BB08E06B22C2BD0BD5088,Pham Huu Phong,phongph@gmail.com,0987295139,2025-11-13 00:00:00,true,FAN
FAN0332,tuvv,C72B6BB122F78C06FBAE395583E45EC46A007E787BBBC8B82E9118C69CAEE49A,Vu Van Tu,tuvv@gmail.com,0934889308,2026-02-28 00:00:00,true,FAN
FAN0333,anlh1,B251019DA9D473A1FCA39713DB51D7F612C93FAA88BFC2EBE4F07DCFD47FD266,Le Huu An,anlh1@gmail.com,0995162102,2026-06-25 00:00:00,true,FAN
FAN0334,xuanlq,100567712D35D0D9CEAE055A7836D255F3CFD985948B2782EF8DDA146D3452D6,Le Quoc Xuan,xuanlq@gmail.com,0992559213,2024-10-06 00:00:00,true,FAN
FAN0335,tuhd2,33E8D96B74D3D35898642092D9501719FCC07FE66639B0229AE985187BF72BCE,Hoang Duc Tu,tuhd2@gmail.com,0941675302,2025-05-23 00:00:00,true,FAN
FAN0336,giangpt,93E0DA8F7F7CA607C07131341A9A4C9248194FE8B14C1CAE5DA0E92DE275F339,Pham Thi Giang,giangpt@gmail.com,0927305949,2024-12-13 00:00:00,true,FAN
FAN0337,anhx,91A51AA7F8B3DCC3ECC49826291193C21DBE78F7109E9DAE30446490A7D17FBC,Hoang Xuan An,anhx@gmail.com,0995432477,2024-10-24 00:00:00,true,FAN
FAN0338,gianght,7EA24B3DA50A71F79143520190418DAD9C79577C14E8C9B4B53FA050E0BE0924,Hoang Thanh Giang,gianght@gmail.com,0903924268,2025-10-28 00:00:00,true,FAN
FAN0339,cuongtn1,CA571FD519347678D33A6B4CD6DB28BF3905E7F6CC36FF111D5C2A1F364C1B2C,Tran Ngoc Cuong,cuongtn1@gmail.com,0909514316,2025-07-02 00:00:00,true,FAN
FAN0340,antq,099853D030F003820D3AF7B33EF261A1D4C4AD61E52C6D2E111B7550B26D8AC3,Tran Quoc An,antq@gmail.com,0968752319,2025-04-03 00:00:00,true,FAN
FAN0341,hungpm,3D62599696E3F220C22BF3CFB167D11EFAC2060DE561CF197A209B7BF2AB91A8,Phan Minh Hung,hungpm@gmail.com,0956198208,2026-06-24 00:00:00,true,FAN
FAN0342,khoanb,45078644FE260C4BD70FC041D40C5AAE1E4FBA5942D50312CD32FF29CCCA4D3B,Nguyen Bao Khoa,khoanb@gmail.com,0910872548,2026-02-14 00:00:00,true,FAN
FAN0343,anlb,A92C140F3EE2EDA5D83ED575E2D3792F1D5D11476D518A5824FB0A74E2E0CE98,Le Bao An,anlb@gmail.com,0997768807,2025-12-06 00:00:00,true,FAN
FAN0344,andx,1973B271FAF221830075B0E8D760621DD6BA2C9548BDEDBDF7DB424ACC92C87F,Do Xuan An,andx@gmail.com,0936384326,2024-08-22 00:00:00,true,FAN
FAN0345,xuantm,31457E06E2ADB2178358E9FC6705E0B6F37E9B6EC9456E8890D28F292BE9ADC4,Tran Minh Xuan,xuantm@gmail.com,0925993725,2025-09-25 00:00:00,true,FAN
FAN0346,yenln1,2B21938E9A9C197EB86583E27AA64FFD308B1A4D5BA91C22EB08F28DD2E89442,Le Ngoc Yen,yenln1@gmail.com,0979377094,2025-07-10 00:00:00,true,FAN
FAN0347,namtx,93500366F802487147A40177543F552F50D2909F79E4E927EF91D573E2A3F623,Tran Xuan Nam,namtx@gmail.com,0945367601,2024-09-15 00:00:00,true,FAN
FAN0348,hungbd,4A760153B507AB916CDE1E1B9782D3BC69738DACBBB9A92CA01E9D2B00F1E759,Bui Duc Hung,hungbd@gmail.com,0935458352,2026-05-27 00:00:00,true,FAN
FAN0349,quanth,218C002D2C9FD00FC6AD673E4A3426F6DDE8553743198E320DB7D43B608CF218,Tran Huu Quan,quanth@gmail.com,0989747189,2025-07-27 00:00:00,true,FAN
FAN0350,sonth1,B6D60C0501D4B27F505AAE6B3EDEC725D1DEB03352B64B894741D98DA786662B,Tran Huu Son,sonth1@gmail.com,0996107838,2025-02-21 00:00:00,true,FAN
FAN0351,dungbt,E8ECBD5F57894752A099E3C66A35F3EB7B4EF3039323AFFAD3D951B7CE1AC786,Bui Thi Dung,dungbt@gmail.com,0988737067,2024-07-02 00:00:00,true,FAN
FAN0352,vinhdm,E036452DE86077B0E77FF60FE42B8434147C8315D34BD1ED242013B2950238C7,Do Minh Vinh,vinhdm@gmail.com,0971638486,2025-08-29 00:00:00,true,FAN
FAN0353,vinhhh1,42245EC16E4D08D17312B0F7C814B2A5BE84F9A23214842BF5EBBE808FBC26D1,Hoang Huu Vinh,vinhhh1@gmail.com,0910469351,2025-05-25 00:00:00,true,FAN
FAN0354,tuhq,29D52472D0876C69D461AF508C0C916CFD8C800E76DEAE6D10DBC084E034A80F,Ho Quoc Tu,tuhq@gmail.com,0969689628,2026-05-09 00:00:00,true,FAN
FAN0355,phongpn1,A2F6A92A709A0B9BFA8A9391B600348392999BCA1F885568DF7A4334503CBA1F,Pham Ngoc Phong,phongpn1@gmail.com,0986844405,2025-06-16 00:00:00,true,FAN
FAN0356,giangbt1,B3404DF0238DE008C59C93768F3260F10E3F0DF9468BA04A318D4CA57E0882F0,Bui Thi Giang,giangbt1@gmail.com,0921042141,2024-12-31 00:00:00,true,FAN
FAN0357,tunq,B444C65816B6A46570BCE73463324BAF9AC08BEFC007A97648A1919D22A4A3BC,Nguyen Quoc Tu,tunq@gmail.com,0929062489,2024-11-04 00:00:00,true,FAN
FAN0358,namvh,B76C393242F5E126A4313DF1ABF28E932D411592480A400DF1BEDBBFBF0A79FA,Vu Huu Nam,namvh@gmail.com,0911246794,2025-03-09 00:00:00,true,FAN
FAN0359,binhpx1,7445656A4E3BE8138A079E179ACD97057530441366A43FDDEF8CBA52623C2702,Pham Xuan Binh,binhpx1@gmail.com,0926482471,2025-04-26 00:00:00,true,FAN
FAN0360,vinhvt,113595DD1D777275BCD55C366620E807BAA6523DA61DEA3E7D8B4E132AF343E4,Vu Thanh Vinh,vinhvt@gmail.com,0909337920,2025-09-28 00:00:00,true,FAN
FAN0361,namhh,05B4A629A16045837C62CC9CEF06538F7FBF1C6F013B5C9368BB5FC6921F17B2,Ho Huu Nam,namhh@gmail.com,0905648406,2026-06-03 00:00:00,true,FAN
FAN0362,khoapn,B66405A6E995A21FE69F8BD67630E43A56F8DC70B8C3813769B75F3AF11521F2,Pham Ngoc Khoa,khoapn@gmail.com,0955786170,2025-06-21 00:00:00,true,FAN
FAN0363,andd,E7E9E3A2EFEEC78362649BF2368FEE3D6CE233D7D4A7F57F465A5E30D8E7E27D,Do Duc An,andd@gmail.com,0926397652,2024-07-08 00:00:00,true,FAN
FAN0364,tubd,2F639C8AF2AD8D6BC3451C210153D9A82CB8A226D6C9B6836B26CD9D9205403A,Bui Duc Tu,tubd@gmail.com,0911094616,2025-05-19 00:00:00,true,FAN
FAN0365,sonbt1,0F6AF9C589EC047D80603A60C64D38C300CD36048219CC261691A2B6FE603453,Bui Thi Son,sonbt1@gmail.com,0931467671,2025-04-24 00:00:00,true,FAN
FAN0366,quanvd,1BCB5338A15573F210F25512239E6D9CD5C276B131874DA6E00B3E84C91B8CA5,Vu Duc Quan,quanvd@gmail.com,0991053481,2025-01-08 00:00:00,true,FAN
FAN0367,cuongdn,ECB5B0ACFF82AF3EC07EDED91679883DBA2D7A57CEF9725FC0DC530138C2E4C9,Do Ngoc Cuong,cuongdn@gmail.com,0984689745,2025-02-02 00:00:00,true,FAN
FAN0368,cuongpx1,506C0EAC83293D59B4D5DAEE60AEC11E587860770151ABCB209F48CCE167F1C5,Phan Xuan Cuong,cuongpx1@gmail.com,0946316532,2026-01-23 00:00:00,true,FAN
FAN0369,quannm,E34FD6A7063BA579920C589C278B352396BDC74E0B8D6A4DA0BB58EB39C25E4A,Nguyen Minh Quan,quannm@gmail.com,0937906440,2024-10-12 00:00:00,true,FAN
FAN0370,anpt,C2C424E2C258A2E53493B7526E8492BB02BFA9689F2A43AE27B1FBB96995050A,Pham Thanh An,anpt@gmail.com,0995797728,2024-08-24 00:00:00,true,FAN
FAN0371,anph,565D0F68BFFFA723B6F34A6FDBEFBA3FCDF660E1218C0F29C73C3B4A994A1B2A,Pham Huu An,anph@gmail.com,0907179353,2025-09-05 00:00:00,true,FAN
FAN0372,quanpq,D67858210C83BF9012B5FFC3EDA61647DAD1E49ADB1AF507AA9FD74CE91738F5,Phan Quoc Quan,quanpq@gmail.com,0972603796,2025-12-15 00:00:00,true,FAN
FAN0373,xuanhq,2CA59D2AD54BC541955E86DC5EB4D1E2E479A59B6328A37BED4BAD0A30BEA7D9,Hoang Quoc Xuan,xuanhq@gmail.com,0900212614,2025-02-28 00:00:00,true,FAN
FAN0374,yenpd2,04085AA4E78D600DCDAB0EBDDCD86A3F4C11B49F141A0BD945B9CDA09F6E5F22,Phan Duc Yen,yenpd2@gmail.com,0914407679,2026-01-27 00:00:00,true,FAN
FAN0375,binhbd,08DFD7AB528C71B892487C2DE261845A141687BC6D7D72FFE1FAC6A22BB3EE59,Bui Duc Binh,binhbd@gmail.com,0969777205,2024-09-28 00:00:00,true,FAN
FAN0376,anpt1,DF798E0F4E851362525FF4194EC5D725DC98B5FDA392BE907F2984BA05DE47EA,Phan Thanh An,anpt1@gmail.com,0982055361,2025-08-15 00:00:00,true,FAN
FAN0377,anpm,14A010EFD36FA7CA3D3C4BBD0F230CDCAC4839CBC94DAF25DADB69E9947A1579,Phan Minh An,anpm@gmail.com,0938638693,2024-07-05 00:00:00,true,FAN
FAN0378,minhlv1,3DED4ECBA045CCE05B65CAF9B8FF463F8A5765B9D7090F421D0E16000BBDE985,Le Van Minh,minhlv1@gmail.com,0924733265,2025-11-20 00:00:00,true,FAN
FAN0379,antn,23C9C26AB0B4EDFC7B6FD3456A57A613092977D5CC48BA992D4571B07E43244D,Tran Ngoc An,antn@gmail.com,0967925053,2024-09-13 00:00:00,true,FAN
FAN0380,cuongvt1,4456A1FCB1BD3961479C6C139CD7CC8FE415827C186A4810D03E3E9447D5C9BD,Vu Thi Cuong,cuongvt1@gmail.com,0948192318,2025-01-05 00:00:00,true,FAN
FAN0381,nambv,55C736DE37E1C1141A9B6F75F0BDC6A60D320D8978D2B551308FFDEC690BEF82,Bui Van Nam,nambv@gmail.com,0922339491,2024-10-19 00:00:00,true,FAN
FAN0382,nampb,C54AFF54B404B7106A2E76DFB146997C32094B0BEED7DE4CB3A99FE2CF08B3EE,Phan Bao Nam,nampb@gmail.com,0932147616,2026-04-17 00:00:00,true,FAN
FAN0383,giangdd,83E2700087256F7C3B463B80335B0B5FCDF95B8875EE86ED9D1EB32EFC65A72B,Do Duc Giang,giangdd@gmail.com,0982502337,2026-03-26 00:00:00,true,FAN
FAN0384,anhx1,FA5523959EC698437FF4BC031B4B7405E357DD5A50D8A35BE7F487B7D3101053,Hoang Xuan An,anhx1@gmail.com,0959284371,2025-09-03 00:00:00,true,FAN
FAN0385,dungpd,1CA201D0057E58E3EC9F018E4A2B531D50851917CEA4564B7BCFA2EDAFA76EC7,Pham Duc Dung,dungpd@gmail.com,0962250347,2026-05-07 00:00:00,true,FAN
FAN0386,giangvd,A2872C9E8228C1539B214FE7A8D91ADC3705046D0B8E5F0CB4268BA0C3B7368C,Vu Duc Giang,giangvd@gmail.com,0965017113,2024-09-23 00:00:00,true,FAN
FAN0387,khoaph,75092DFE3BE8D81F59E95AE0565DD2CA78BDB7027ACD298D1E3C62199E1DA320,Phan Huu Khoa,khoaph@gmail.com,0902101327,2024-09-22 00:00:00,true,FAN
FAN0388,minhpn1,BA0160242F2100FB18DADFEDD3C0B43A8F279C5C47A4ED09DA1A892AF8F200DC,Pham Ngoc Minh,minhpn1@gmail.com,0936462043,2026-02-22 00:00:00,true,FAN
FAN0389,yendh,60CBBDD5EF5C88DB04DA55CFB05743475A24084CC75DFF84ABC026B58E7919E2,Do Huu Yen,yendh@gmail.com,0909416842,2025-05-13 00:00:00,true,FAN
FAN0390,quanlt1,D9F8AF1FB1B612158DE3510408DEFA029CF893354174564FAA954AAD1D96B024,Le Thi Quan,quanlt1@gmail.com,0948404947,2024-12-09 00:00:00,true,FAN
FAN0391,tupd,EB89C690F975FE498C07C1DBBC71BC56095D419F162A242A88EC7515A1C99694,Pham Duc Tu,tupd@gmail.com,0980428477,2024-07-28 00:00:00,true,FAN
FAN0392,khoabq1,D29CBD0F5DE559E06F811BA9C64123B69E8E6B84C4BB09E5095F05B984A85770,Bui Quoc Khoa,khoabq1@gmail.com,0907191346,2025-04-03 00:00:00,true,FAN
FAN0393,vinhhb,A302E4329086DAD0CDA1BB9965AB0408FACE71EAD871A55FC9E05F2619C3E489,Hoang Bao Vinh,vinhhb@gmail.com,0930056368,2024-07-15 00:00:00,true,FAN
FAN0394,dungvt,ECDA9AC1C612D393EC8E7A693DE432954BE460A92E8B106E2A90E2F105C04C9C,Vu Thanh Dung,dungvt@gmail.com,0942114224,2026-02-02 00:00:00,true,FAN
FAN0395,tunt,0448B9982735D3BC82B8E1B92CEFA945CC929435CCBDDB233E3CD39A89372568,Nguyen Thi Tu,tunt@gmail.com,0919160303,2025-10-23 00:00:00,true,FAN
FAN0396,cuongdn1,8D9A208FC205B757716AEC7A9C47E53EBACC3C5A630E05C5339A1735737EF7DC,Do Ngoc Cuong,cuongdn1@gmail.com,0961571521,2025-12-18 00:00:00,true,FAN
FAN0397,quanlt2,C6899A89AE9C8C978D84057ADC340F84D450A3A1F280977D9E9DEC557A424655,Le Thanh Quan,quanlt2@gmail.com,0931561540,2025-11-07 00:00:00,true,FAN
FAN0398,yendm,B25EC98163DC353CF3A6A3DB6B69C2C72686FB288C68D2886006867F37D3F770,Do Minh Yen,yendm@gmail.com,0972714599,2025-06-28 00:00:00,true,FAN
FAN0399,khoabv,7D01944BFEFC6BF9862C93FD30EC0626BA46D91B31BA676FEA4A8A47D9C706D2,Bui Van Khoa,khoabv@gmail.com,0983611831,2026-02-19 00:00:00,true,FAN
FAN0400,giangpx,2AA0D714F56370E0B184341A69AB8304CC241F8DA7F01306DFC29FFF24739E99,Pham Xuan Giang,giangpx@gmail.com,0937454406,2024-08-07 00:00:00,true,FAN
FAN0401,dungdt1,721372CF54ED3707643772FFC45553F30F22DE5F2095F1D39C07E84CD540AE71,Do Thi Dung,dungdt1@gmail.com,0941839391,2026-03-11 00:00:00,true,FAN
FAN0402,khoapx,6DDABE8A5545722D98ADF71A886C1EC7B2E7D074FC4D0A5639B7A391E4727650,Phan Xuan Khoa,khoapx@gmail.com,0958606997,2025-05-18 00:00:00,true,FAN
FAN0403,khoapb,F8FFB0F0214D65542F26E68EBE949EFFF5D28F7B5069DAF3906DC8358EDA50B4,Pham Bao Khoa,khoapb@gmail.com,0955652310,2025-12-26 00:00:00,true,FAN
FAN0404,sonvn1,4F93067DAA8232D8A58468FA645D6C5FF3B3ADB8614E26857FA96E69245DC565,Vu Ngoc Son,sonvn1@gmail.com,0930162801,2024-12-29 00:00:00,true,FAN
FAN0405,yenpn,EF50857F809120AF6975A1CA52B743BCA063BEA29748771085F90F5F46F4F225,Pham Ngoc Yen,yenpn@gmail.com,0951283572,2026-05-11 00:00:00,true,FAN
FAN0406,cuongtq2,C33E2A38DFC55C9F240ECDB7337EEAC486A56D607220BF7F1D4281005115E022,Tran Quoc Cuong,cuongtq2@gmail.com,0986293677,2025-11-27 00:00:00,true,FAN
FAN0407,phonghx,F58D8939192820EB8F4497CE5B80ADA2B66A415D3F25B71A93751A400F387E0E,Ho Xuan Phong,phonghx@gmail.com,0952052476,2026-06-05 00:00:00,true,FAN
FAN0408,namtv,E9BD30C134915C3561D4F2068FA36F26D11B792DE12A8CE1ECCE5BE805F2C742,Tran Van Nam,namtv@gmail.com,0926105002,2025-02-23 00:00:00,true,FAN
FAN0409,phongvq,478F2FEAE1E51632CE9C3F169AA7B3A014652D8BE1D9C9CB556DA34A992889CC,Vu Quoc Phong,phongvq@gmail.com,0923587858,2026-04-04 00:00:00,true,FAN
FAN0410,anbt,9839577004662FE704DF54B0E7A389AB5539743C2A69BBA42E180F539A876CE6,Bui Thanh An,anbt@gmail.com,0924572479,2025-11-29 00:00:00,true,FAN
FAN0411,nampv,31AF7275407D6BD153D1BCD80C653A04BF86EE137820204A8B6CC8D387A1D863,Pham Van Nam,nampv@gmail.com,0917017269,2024-11-10 00:00:00,true,FAN
FAN0412,quanlh,4B4740DDEFD50B726B900DE68234A47A77278FDDA6BBEC85971F1F86A7B03760,Le Huu Quan,quanlh@gmail.com,0995936022,2026-05-28 00:00:00,true,FAN
FAN0413,phongnb,B4398FE430BE3DAEDD5BF60F8F6DA7E6396495340C1BBDECCB8CEBC69EF9D223,Nguyen Bao Phong,phongnb@gmail.com,0901013579,2024-10-15 00:00:00,true,FAN
FAN0414,phucbm,D9ADC5D697AD911230438F45BF32CA88AF0D52C85811FBE0673F1EE5F5774B11,Bui Minh Phuc,phucbm@gmail.com,0911563612,2025-10-22 00:00:00,true,FAN
FAN0415,cuongnv,D785D59C5F8020E0EAB194B76578233DBAF71BB10EB65E6265107BA6A6C68240,Nguyen Van Cuong,cuongnv@gmail.com,0946342478,2025-02-08 00:00:00,true,FAN
FAN0416,sondt,35AC42835A4E9931EC4457D0551DB565F6A1DE75870C0B05666113E6B7262542,Do Thanh Son,sondt@gmail.com,0980259301,2026-04-09 00:00:00,true,FAN
FAN0417,tuvx,4CF95D9DD55000C868CE4440333C25AB5B02C60B4F887C95400E49BDA8A35A0E,Vu Xuan Tu,tuvx@gmail.com,0903847151,2026-05-18 00:00:00,true,FAN
FAN0418,minhdt,C3D37AE3AFE2BEFDDA3F0CB2ABE82701032503E944FDB9CD4FB16B93922064B9,Do Thanh Minh,minhdt@gmail.com,0955414477,2024-12-11 00:00:00,true,FAN
FAN0419,annn,A46066A4BDFCC41D4E41DC3A412C2B25D6AD515F2843EE4082C3774EA6CCCDCE,Nguyen Ngoc An,annn@gmail.com,0990402667,2025-12-30 00:00:00,true,FAN
FAN0420,yenhq,4C2C7AF6BB6AD5643B4956195D3A704E4089A7B97BBBDD550FCCA416EB50C9C0,Hoang Quoc Yen,yenhq@gmail.com,0952854690,2025-02-06 00:00:00,true,FAN
FAN0421,xuanlt,0AA1CE901B2418145E83FBFFEA1297CA32C29CE5A5EB460A4159BE8347E7DBED,Le Thanh Xuan,xuanlt@gmail.com,0965513686,2025-07-26 00:00:00,true,FAN
FAN0422,anpv1,4DA0CA23B1C3A887C8A1437184B3BD334033D858CE5892145FF1F05C2AD04E02,Phan Van An,anpv1@gmail.com,0954094303,2024-10-24 00:00:00,true,FAN
FAN0423,minhlb,8634020CFFBCDDA5C0BBC116F2BEA0A56C5C0C4E1E0099485FB161E3CE68DCF8,Le Bao Minh,minhlb@gmail.com,0998039415,2024-09-20 00:00:00,true,FAN
FAN0424,gianght1,C804AA61727576C6EFEC4C91AFE9EAAF28FE7795C705D21352739596E3A53897,Ho Thi Giang,gianght1@gmail.com,0937134199,2025-09-22 00:00:00,true,FAN
FAN0425,tulh,DA1B849EF2F18221CB652267C4AF997A4048BFEF5FC499380722A46527552A71,Le Huu Tu,tulh@gmail.com,0938446735,2025-02-15 00:00:00,true,FAN
FAN0426,giangvb,3FF68A4A3AE5A24C5A3F3581814B081BFB881F1E69ED3E6EF503B4DCDF350066,Vu Bao Giang,giangvb@gmail.com,0969943873,2024-08-14 00:00:00,true,FAN
FAN0427,yenbb,FB5608BD8945D507A43EA5F900970355A1A094C6C5AA2910E4D02ACF92966577,Bui Bao Yen,yenbb@gmail.com,0914958311,2024-10-04 00:00:00,true,FAN
FAN0428,phucbm1,AE0A2599CEA0C5D7E9F98B54F0652F9A597626AE1B782CF21B4633F52477F9EE,Bui Minh Phuc,phucbm1@gmail.com,0914110939,2025-07-12 00:00:00,true,FAN
FAN0429,phuchx1,D5FB8FAD4184AB1D64E11C23241C2C95E3296235A22AD6E2D7AFB28BC827A087,Hoang Xuan Phuc,phuchx1@gmail.com,0956354978,2024-11-03 00:00:00,true,FAN
FAN0430,khoabt,64EA23E86124B199B71FDA952A2650C3300C8361BAE3AF43556360004C6AD987,Bui Thanh Khoa,khoabt@gmail.com,0943422574,2026-06-10 00:00:00,true,FAN
FAN0431,dungtt2,6BA76395D0D64328C74EB8DA1ED7B2CF5816887759D1C33D131F7A24FE887AAF,Tran Thi Dung,dungtt2@gmail.com,0971288936,2025-06-30 00:00:00,true,FAN
FAN0432,phucdq,2B215F19198F06003E733C665B3F16D8EB0FA66B96D64A2CF295657B86C95017,Do Quoc Phuc,phucdq@gmail.com,0956292157,2025-12-12 00:00:00,true,FAN
FAN0433,minhnt,1D45538B57DEA3C938FA36947DA196BA63D1303B6A1BC43923CEA789FA7E055E,Nguyen Thi Minh,minhnt@gmail.com,0994062722,2025-07-15 00:00:00,true,FAN
FAN0434,binhpd3,29E84FD683CB4E83C51532459A4F76145EE79B479FCCF98001726334FE5E6CD0,Pham Duc Binh,binhpd3@gmail.com,0995477290,2026-05-30 00:00:00,true,FAN
FAN0435,hungdt,B86DC6FF0436F2B84E082922BF2563945DB06A7EBBAAE5CDB5109A52DC8F24F6,Do Thanh Hung,hungdt@gmail.com,0994089015,2026-01-23 00:00:00,true,FAN
FAN0436,nambt,638B74EA554FAF26A799B05EA4B1009B9FD6CFF8D4C1B6143F106A5005B305BF,Bui Thi Nam,nambt@gmail.com,0994453157,2026-01-31 00:00:00,true,FAN
FAN0437,yendt1,968639AE56CA40812CDFB0D5514CCBA22C174E4C201857812BBEA01A60CDB4E1,Do Thanh Yen,yendt1@gmail.com,0954091655,2025-06-21 00:00:00,true,FAN
FAN0438,binhbd1,8CE1EFCDFC5E9290DC58832E5AC3356ABFDBBEC324B8729FF9A6CA3544BF9BDB,Bui Duc Binh,binhbd1@gmail.com,0911772209,2024-12-15 00:00:00,true,FAN
FAN0439,quandt,5F076E646EB4EBD389D6CAA20CC84E30DA438D0896BF56DFB329B3D2624F945B,Do Thanh Quan,quandt@gmail.com,0957332578,2026-01-21 00:00:00,true,FAN
FAN0440,vinhhh2,6A94E504587D55313F1263874F4725E3EDA31746944C4A961C406B87BF54F402,Hoang Huu Vinh,vinhhh2@gmail.com,0967505630,2025-10-25 00:00:00,true,FAN
FAN0441,xuandq,E188CBCBA0E6BC3802ABCECF3AADFE3A305AB63D83D7E6AB8DCFD6F6B401B122,Do Quoc Xuan,xuandq@gmail.com,0913039053,2025-01-28 00:00:00,true,FAN
FAN0442,anpt2,C61E9D892C8D7D54FD00966CDD15801CC4F2B0A916213FC1D605843F94D69EDC,Phan Thanh An,anpt2@gmail.com,0938921421,2025-01-28 00:00:00,true,FAN
FAN0443,phucbv,82AD15BDF231FD487A591125B242831BC0F6CE720F9AB88C1C3FFFE55E34C841,Bui Van Phuc,phucbv@gmail.com,0958859766,2026-04-26 00:00:00,true,FAN
FAN0444,dungtq,2CE45FB0BF5E07F9A599B713BF3981DFE94A0BE138B18E74CEAED1F894CB0202,Tran Quoc Dung,dungtq@gmail.com,0960370821,2025-04-20 00:00:00,true,FAN
FAN0445,dungbx,B0F656954B0C86ECD56C658286D200AFBF82ED5E9C20939CAB020FBBD761F448,Bui Xuan Dung,dungbx@gmail.com,0940498827,2026-03-02 00:00:00,true,FAN
FAN0446,vinhbv,2C90060DAE06CE761B51015BAD8F2343A274C7144D135AB912D316C2CB8CAD0B,Bui Van Vinh,vinhbv@gmail.com,0933089206,2024-08-07 00:00:00,true,FAN
FAN0447,phucdn,1FA167ACB3897C75BF07787BA6B6015F4A8770FE98192C3BA30486BFB833D770,Do Ngoc Phuc,phucdn@gmail.com,0939668721,2025-10-26 00:00:00,true,FAN
FAN0448,minhhb1,E2FA70B68F37D38E4FF945DFE895D8A548BA0CDA6F3230C8818629A106164E7A,Hoang Bao Minh,minhhb1@gmail.com,0918360105,2025-04-02 00:00:00,true,FAN
FAN0449,nampm,19FF2289FB042A3255CB325B3618B35F29DD1A656AD25FABD8573A7B6B222F86,Phan Minh Nam,nampm@gmail.com,0940497341,2026-03-07 00:00:00,true,FAN
FAN0450,tupt,1EE29963737297E4EAA7D3F95993AA4F553E6F0611975372F09A8AB07DCEC388,Phan Thanh Tu,tupt@gmail.com,0961307911,2026-06-11 00:00:00,true,FAN
FAN0451,sonnm,1EFD537673C3CEDED2AFEADB073F536F4CCF3A899C681F6422C9064EA1C1AD80,Nguyen Minh Son,sonnm@gmail.com,0958690915,2025-12-05 00:00:00,true,FAN
FAN0452,andt,59857BF565D3F2AE6CCE0031C389699031BC4D5DFDED48B9B7D0F860AB0F14C6,Do Thi An,andt@gmail.com,0978261171,2025-02-25 00:00:00,true,FAN
FAN0453,giangpb,B0C965FDB8358BE01D397882B449AE17EE63A700C21DB16C11A290B42F74531E,Pham Bao Giang,giangpb@gmail.com,0984540023,2025-02-14 00:00:00,true,FAN
FAN0454,cuongvq,497C091097A384C38F17A586BCF31195DD0F987A7969E6F6878D432904235608,Vu Quoc Cuong,cuongvq@gmail.com,0944232827,2026-06-28 00:00:00,true,FAN
FAN0455,hunghq,D4DD2565AA9D8EEBFA084AE19A5D957911E06537EA1B4EDEF19309EA9C2661C9,Hoang Quoc Hung,hunghq@gmail.com,0940037748,2025-04-09 00:00:00,true,FAN
FAN0456,quanpx1,C6BA91B90D922E159893F46C387E5DC1B3DC5C101A5A4522F03B987177A24A91,Pham Xuan Quan,quanpx1@gmail.com,0954708181,2025-05-22 00:00:00,true,FAN
FAN0457,quantm,9B4309DE591573363BBAC84739D5F92ADEA382021C4BA48F409B8AB69F7E2622,Tran Minh Quan,quantm@gmail.com,0985998417,2024-08-04 00:00:00,true,FAN
FAN0458,yenpv1,F5F781DAE7408EC717E77026492F5CD2EAED80756896370D78183A10F45AFFE1,Pham Van Yen,yenpv1@gmail.com,0907801299,2026-05-26 00:00:00,true,FAN
FAN0459,phongvb,1B7A9B4221E6C8BF98F63B383610F4CD3E552C20F2F564FB6C10B9101416275F,Vu Bao Phong,phongvb@gmail.com,0925438163,2024-11-20 00:00:00,true,FAN
FAN0460,namhb2,28FD0062D10D6C4E822D12EDA902A56680B8550409CD5D3265952D75C5056D17,Hoang Bao Nam,namhb2@gmail.com,0945894980,2025-02-02 00:00:00,true,FAN
FAN0461,vinhpm,DE64B22192CFC98DE0EE57B625C8AC18C70EA90CF0F10651C8E67C6E6879E7CB,Phan Minh Vinh,vinhpm@gmail.com,0986726537,2024-08-09 00:00:00,true,FAN
FAN0462,namtt,E2518F2FB32CAD66D4651481B591CB1BE1A6EAA2EC960D65334AE7E7C23941B9,Tran Thanh Nam,namtt@gmail.com,0956494943,2025-06-01 00:00:00,true,FAN
FAN0463,dungvq,1D4DABA704A5D59D3896A8648E0BF3AAA2DAA4516812DFBFC1EF1A1360A230FF,Vu Quoc Dung,dungvq@gmail.com,0970102828,2025-10-27 00:00:00,true,FAN
FAN0464,quanpx2,545B9AD305D8202424A439B3AEB89250AA6BB74DD1CF51E738393CB9D474E2E7,Phan Xuan Quan,quanpx2@gmail.com,0939513995,2025-12-01 00:00:00,true,FAN
FAN0465,khoatm,7A01339C8E37C4E2EA186131F605829C790840BF8DB01D2B2EF68FDB2016C2C0,Tran Minh Khoa,khoatm@gmail.com,0921659182,2025-11-29 00:00:00,true,FAN
FAN0466,minhhv1,5A14B30C928EF86E29B055E410798BBE668F6F0B3495CA1C62C6B79FFFB14096,Hoang Van Minh,minhhv1@gmail.com,0999987429,2025-02-03 00:00:00,true,FAN
FAN0467,phucpb,E0F3071C7DBB435B4C45852063960C8A40608CB58F4C476CF090DF90224DA516,Pham Bao Phuc,phucpb@gmail.com,0969011643,2024-07-23 00:00:00,true,FAN
FAN0468,sonvh,8A24642E40666B7A6EED8F4F9BC7597169C0C790C552408946551C3289F697BA,Vu Huu Son,sonvh@gmail.com,0972578254,2025-02-25 00:00:00,true,FAN
FAN0469,khoabh,1ECF65B3EE740B4BCCD018560B9E56519BB83293A9115F1D8E681DFBDA3D46E7,Bui Huu Khoa,khoabh@gmail.com,0907635611,2024-07-04 00:00:00,true,FAN
FAN0470,binhvn,D1F3DE8667D57AA3D654818B9151312D70C8255C00C8F57186974600B2D5C70A,Vu Ngoc Binh,binhvn@gmail.com,0967524216,2026-05-04 00:00:00,true,FAN
FAN0471,yenvn,4D0597F8460FFDEA910FF90437DFB712F6D574F12C6FF084A4AC25D50C4BEFE6,Vu Ngoc Yen,yenvn@gmail.com,0997452847,2024-11-28 00:00:00,true,FAN
FAN0472,sonvq,3C4A87819A00D093209E85B27F51BC2CA59720131785CDF5229FA10909CB5B8D,Vu Quoc Son,sonvq@gmail.com,0939689259,2026-05-22 00:00:00,true,FAN
FAN0473,minhbx,25C1FE42C495E799D2C99B081365D12E1DA7CAEC283460EC164A332108EB2D15,Bui Xuan Minh,minhbx@gmail.com,0955487940,2025-03-01 00:00:00,true,FAN
FAN0474,hungnq,CF1CBDC0F79FD942A0DB33E94CBD999E5472836C4A9397546F6429EC2B52B90B,Nguyen Quoc Hung,hungnq@gmail.com,0927763509,2024-12-03 00:00:00,true,FAN
FAN0475,quanht,F25F6C880B51484E66E12A0427B4A00CF2048028400A9B9E7CD15CD12D50C9E0,Hoang Thanh Quan,quanht@gmail.com,0999083051,2025-10-03 00:00:00,true,FAN
FAN0476,giangpm,20D2176B10FE55B65AA80BB7C8BA8ED26F59982401AF1606ADED2BC41A2F2ED9,Phan Minh Giang,giangpm@gmail.com,0996320271,2025-07-17 00:00:00,true,FAN
FAN0477,hungdx1,07E4D07C2F3CBF2C2E8F1F023E76BFC009AF9FD79E7E84A4291FF6DF0CB0B318,Do Xuan Hung,hungdx1@gmail.com,0991271915,2025-07-05 00:00:00,true,FAN
FAN0478,sonnv,471CE83D4C6BAC3BDEE762AFFBFCF06762566C2F19D758F18259CD1B7D066183,Nguyen Van Son,sonnv@gmail.com,0954699412,2025-04-02 00:00:00,true,FAN
FAN0479,sondx,8CB06C386439FEA8C19A84579E6A3364753E5E67ED9C44BFA7505C8719E42294,Do Xuan Son,sondx@gmail.com,0927185852,2024-11-09 00:00:00,true,FAN
FAN0480,minhpb,9BD058222E115131C5F079FB92CB026F9EA1BAA6D22E47A753C2C67793A8A7E7,Pham Bao Minh,minhpb@gmail.com,0948372677,2024-07-22 00:00:00,true,FAN
FAN0481,cuonghd,F748E0C6DDBCE15C6C9299F550CB1B11A7EF8A11E708BB10F8CAB851369CC4F8,Hoang Duc Cuong,cuonghd@gmail.com,0985145667,2024-08-06 00:00:00,true,FAN
FAN0482,dungpv,D3FF94C15B26FBB67FFF52A151F438E92D061451FBA876BCA90A80B35CC93383,Pham Van Dung,dungpv@gmail.com,0908633630,2026-01-21 00:00:00,true,FAN
FAN0483,dungtv1,0D4BB35DD5698CBDA62F5BFA66129E5C0E302B86C3D5D9962F2675BBB711BC50,Tran Van Dung,dungtv1@gmail.com,0928895072,2025-09-30 00:00:00,true,FAN
FAN0484,xuanbt,96B86569B4EA564A40B2B74AC1068CEE59F998826236BC6AD8D29E2E2452CB1B,Bui Thi Xuan,xuanbt@gmail.com,0994439804,2026-05-08 00:00:00,true,FAN
FAN0485,giangvm,1E8F558B715BF5AABDC5F4137EA4FF8AE4928A153F4EAE46BDBE774E7C8975E9,Vu Minh Giang,giangvm@gmail.com,0956517457,2025-04-19 00:00:00,true,FAN
FAN0486,khoanv,04F44BC44AFB2DB4EC4BB35219EC5BDB5878928C6A8F8ED4022B798BE34A7B63,Nguyen Van Khoa,khoanv@gmail.com,0976620854,2025-09-27 00:00:00,true,FAN
FAN0487,gianglx,6C009162FB75ECDE9B8911697D2823A4F70930827C896EAD254BEC1085A765FB,Le Xuan Giang,gianglx@gmail.com,0922328649,2024-08-18 00:00:00,true,FAN
FAN0488,hunghd,5FEA9B6B93FAA8613E4D075FF43BE853DBF10D2E5E5972D0585C04A5163791CD,Hoang Duc Hung,hunghd@gmail.com,0928436015,2025-02-14 00:00:00,true,FAN
FAN0489,tunv,928F2231A8F60ACEFE7B0D369FC429591D5C3440810792119E9C91F8BC29F456,Nguyen Van Tu,tunv@gmail.com,0933555357,2025-10-27 00:00:00,true,FAN
FAN0490,vinhln,5AD95E675CCDF4209CDD94A0AF9F165F584637B4B9902984AB326FDA9CF393EB,Le Ngoc Vinh,vinhln@gmail.com,0909603761,2026-01-25 00:00:00,true,FAN
FAN0491,khoahq2,D7D93E7EAEDE053B4DF44EA7C905F7E21984F3D60A8C2AAD90B13066EAA84F55,Hoang Quoc Khoa,khoahq2@gmail.com,0973330572,2025-03-18 00:00:00,true,FAN
FAN0492,namtt1,00B80021AA7DABA081FC4E8C7DF410C457C65F35F3D5151B185EBF2EC2E53333,Tran Thi Nam,namtt1@gmail.com,0935367821,2025-02-28 00:00:00,true,FAN
FAN0493,khoabm1,0D4BE739566F3A43FA2F7BE4F3E8B7235F4E62D042C7FE66289D3D6DA0380BDC,Bui Minh Khoa,khoabm1@gmail.com,0929239998,2024-07-07 00:00:00,true,FAN
FAN0494,antd,4DA5E3E139C5F28C170C9658D0934F97D8DCCC27EDA1CCD226F18660AAD3BE1D,Tran Duc An,antd@gmail.com,0966898379,2026-03-02 00:00:00,true,FAN
FAN0495,tupt1,F85C0ECEF319EC9DAA0C63D7BBB988BC0BDF23BE8F100CBAF44F3444FDDB595C,Pham Thi Tu,tupt1@gmail.com,0945649552,2025-06-03 00:00:00,true,FAN
FAN0496,vinhht3,A583FFC59A322E57C465251B142C4F98AA5BC74AFE3EEF5A2DF63E27B5863DD6,Hoang Thi Vinh,vinhht3@gmail.com,0916517263,2025-09-13 00:00:00,true,FAN
FAN0497,hungpq,464E4407C877291FDE1746A2B45333B9907AB42AB6F331505E841E20029BE12F,Phan Quoc Hung,hungpq@gmail.com,0939508071,2026-06-28 00:00:00,true,FAN
FAN0498,phongpv,127E5FBF2597CEF61890D9D512D82513D1DAC0A447677041BF05EEB5499844AA,Pham Van Phong,phongpv@gmail.com,0934197658,2024-12-15 00:00:00,true,FAN
FAN0499,hunghv,648FB94B2CCFF190A7389C061A91F37B499D904F3401E15442C7ED0E5CF0DC64,Ho Van Hung,hunghv@gmail.com,0964582878,2025-02-07 00:00:00,true,FAN
FAN0500,hungnb1,972A1CFE5AF9E32289AF80565ACE978935C1646D58EF76C7297A753119EFE535,Nguyen Bao Hung,hungnb1@gmail.com,0950802255,2025-02-11 00:00:00,true,FAN
FAN0501,admin,240BE518FABD2724DDB6F04EEB1DA5967448D7E831C08C8FA822809F74C720A9,System Administrator,admin@system.vn,0900000000,2026-07-21 23:40:32,true,ADMIN
